,gene_name,display_name,biotype,keep
0,Zfy1,Zfy1,TF,True
1,Zfy2,Zfy2,TF,True
2,Sry,Sry,TF,True
3,Srebf2,Srebf2,TF,True
4,Zfp397,Zfp397,TF,True
5,Ylpm1,Ylpm1,TF,True
6,Zfp35,Zfp35,TF,True
7,Zfp24,Zfp24,TF,True
8,Prox2,Prox2,TF,True
9,Nfe2,Nfe2,TF,True
10,Zhx2,Zhx2,TF,True
11,Nr1i2,Nr1i2,TF,True
12,Cdx1,Cdx1,TF,True
13,E2f6,E2f6,TF,True
14,Dach1,Dach1,TF,True
15,Nkrf,Nkrf,TF,True
16,Insm2,Insm2,TF,True
17,Zfp275,Zfp275,TF,True
18,Zfp92,Zfp92,TF,True
19,Fos,Fos,TF,True
20,Jdp2,Jdp2,TF,True
21,Batf,Batf,TF,True
22,Klf5,Klf5,TF,True
23,Klf12,Klf12,TF,True
24,Snai2,Snai2,TF,True
25,Rhox3a,Rhox3a,TF,True
26,Rhox3a2,Rhox3a2,TF,True
27,Npas4,Npas4,TF,True
28,Rhox3c,Rhox3c,TF,True
29,Tcf20,Tcf20,TF,True
30,5730507C01Rik,5730507C01Rik,TF,True
31,Foxd4,Foxd4,TF,True
32,Olig2,Olig2,TF,True
33,Olig1,Olig1,TF,True
34,Zbtb20,Zbtb20,TF,True
35,Rhox3e,Rhox3e,TF,True
36,Rhox3f,Rhox3f,TF,True
37,Rhox3g,Rhox3g,TF,True
38,Tbx22,Tbx22,TF,True
39,Tfap2a,Tfap2a,TF,True
40,Rhox3h,Rhox3h,TF,True
41,Cebpd,Cebpd,TF,True
42,Myc,Myc,TF,True
43,Rhox10,Rhox10,TF,True
44,Rhox11,Rhox11,TF,True
45,Rhox13,Rhox13,TF,True
46,Zbtb33,Zbtb33,TF,True
47,Dmrt1,Dmrt1,TF,True
48,Gm10139,Gm10139,TF,True
49,Dmrt3,Dmrt3,TF,True
50,Dmrt2,Dmrt2,TF,True
51,Nkx2-1,Nkx2-1,TF,True
52,Nkx2-9,Nkx2-9,TF,True
53,Pax9,Pax9,TF,True
54,Pou3f4,Pou3f4,TF,True
55,Gcm2,Gcm2,TF,True
56,Zscan12,Zscan12,TF,True
57,Zfp712,Zfp712,TF,True
58,Fosl1,Fosl1,TF,True
59,Pou4f1,Pou4f1,TF,True
60,Zfp708,Zfp708,TF,True
61,Gm28557,Gm28557,TF,True
62,Rslcan18,Rslcan18,TF,True
63,Zfp759,Zfp759,TF,True
64,Zscan26,Zscan26,TF,True
65,Rsl1,Rsl1,TF,True
66,Zfp455,Zfp455,TF,True
67,Zfp458,Zfp458,TF,True
68,Hesx1,Hesx1,TF,True
69,Zfp457,Zfp457,TF,True
70,Foxa1,Foxa1,TF,True
71,Zfp595,Zfp595,TF,True
72,Hdx,Hdx,TF,True
73,Zfp953,Zfp953,TF,True
74,Gm28041,Gm28041,TF,True
75,Zfp456,Zfp456,TF,True
76,Hivep1,Hivep1,TF,True
77,Zfp429,Zfp429,TF,True
78,Zfp459,Zfp459,TF,True
79,Zfp874a,Zfp874a,TF,True
80,Esrrb,Esrrb,TF,True
81,Ovol1,Ovol1,TF,True
82,Zfp184,Zfp184,TF,True
83,Zfp874b,Zfp874b,TF,True
84,Zfp58,Zfp58,TF,True
85,Onecut2,Onecut2,TF,True
86,Zfp87,Zfp87,TF,True
87,Zfp748,Zfp748,TF,True
88,Zfp729b,Zfp729b,TF,True
89,Gm49345,Gm49345,TF,True
90,Zfp729a,Zfp729a,TF,True
91,Zfp738,Zfp738,TF,True
92,Zfp65,Zfp65,TF,True
93,Zfp85,Zfp85,TF,True
94,Zfp493,Zfp493,TF,True
95,Dach2,Dach2,TF,True
96,Sox21,Sox21,TF,True
97,Gm9376,Gm9376,TF,True
98,Foxd1,Foxd1,TF,True
99,Zfp273,Zfp273,TF,True
100,Rela,Rela,TF,True
101,Ppara,Ppara,TF,True
102,Gata4,Gata4,TF,True
103,Grhl1,Grhl1,TF,True
104,Tgif2lx2,Tgif2lx2,TF,True
105,Tgif2lx1,Tgif2lx1,TF,True
106,Klf11,Klf11,TF,True
107,Egr1,Egr1,TF,True
108,Hic2,Hic2,TF,True
109,Sox7,Sox7,TF,True
110,Zfp322a,Zfp322a,TF,True
111,4932411N23Rik,4932411N23Rik,TF,True
112,Rfx3,Rfx3,TF,True
113,Zfp366,Zfp366,TF,True
114,Zfp395,Zfp395,TF,True
115,Zfp983,Zfp983,TF,True
116,Six2,Six2,TF,True
117,Gm10226,Gm10226,TF,True
118,Zfp760,Zfp760,TF,True
119,Zfp229,Zfp229,TF,True
120,Pura,Pura,TF,True
121,Zfp820,Zfp820,TF,True
122,Glis3,Glis3,TF,True
123,Zfp995,Zfp995,TF,True
124,Zfp942,Zfp942,TF,True
125,Zfp943,Zfp943,TF,True
126,Zfp947,Zfp947,TF,True
127,Zfp994,Zfp994,TF,True
128,Gm7072,Gm7072,TF,True
129,Zfp944,Zfp944,TF,True
130,Zfp758,Zfp758,TF,True
131,Epas1,Epas1,TF,True
132,Zfp946,Zfp946,TF,True
133,Foxp4,Foxp4,TF,True
134,Runx1,Runx1,TF,True
135,Sox11,Sox11,TF,True
136,Zfp945,Zfp945,TF,True
137,Rfx5,Rfx5,TF,True
138,Zfp40,Zfp40,TF,True
139,Zfp213,Zfp213,TF,True
140,Sox2,Sox2,TF,True
141,Zfp13,Zfp13,TF,True
142,Irx1,Irx1,TF,True
143,Irx2,Irx2,TF,True
144,Zscan10,Zscan10,TF,True
145,Irx4,Irx4,TF,True
146,Nanog,Nanog,TF,True
147,Gata2,Gata2,TF,True
148,Bbx,Bbx,TF,True
149,Foxj2,Foxj2,TF,True
150,Sim2,Sim2,TF,True
151,Foxn2,Foxn2,TF,True
152,Zfat,Zfat,TF,True
153,Nfya,Nfya,TF,True
154,Vax1,Vax1,TF,True
155,Emx2,Emx2,TF,True
156,Foxi3,Foxi3,TF,True
157,Myt1l,Myt1l,TF,True
158,Ebf2,Ebf2,TF,True
159,Foxr2,Foxr2,TF,True
160,Klf8,Klf8,TF,True
161,Zfp169,Zfp169,TF,True
162,Zbtb11,Zbtb11,TF,True
163,Elf4,Elf4,TF,True
164,Barx1,Barx1,TF,True
165,Nobox,Nobox,TF,True
166,Zfp950,Zfp950,TF,True
167,Zfp267,Zfp267,TF,True
168,Rax,Rax,TF,True
169,Ctcf,Ctcf,TF,True
170,Satb1,Satb1,TF,True
171,Nr3c2,Nr3c2,TF,True
172,Gm21060,Gm21060,TF,True
173,Gsc2,Gsc2,TF,True
174,Mycs,Mycs,TF,True
175,Rfx4,Rfx4,TF,True
176,Zfp280c,Zfp280c,TF,True
177,Nkx2-6,Nkx2-6,TF,True
178,Nkx3-1,Nkx3-1,TF,True
179,Zfp119a,Zfp119a,TF,True
180,Zfp959,Zfp959,TF,True
181,Zfp119b,Zfp119b,TF,True
182,Mbtps2,Mbtps2,TF,True
183,Yy2,Yy2,TF,True
184,Thap11,Thap11,TF,True
185,Pou4f2,Pou4f2,TF,True
186,Egr3,Egr3,TF,True
187,Sox1,Sox1,TF,True
188,Zfp386,Zfp386,TF,True
189,Men1,Men1,TF,True
190,Fezf2,Fezf2,TF,True
191,Foxn3,Foxn3,TF,True
192,E4f1,E4f1,TF,True
193,Prdm4,Prdm4,TF,True
194,Mecp2,Mecp2,TF,True
195,Zfp786,Zfp786,TF,True
196,Ascl4,Ascl4,TF,True
197,Smad1,Smad1,TF,True
198,Zfp398,Zfp398,TF,True
199,Zfp282,Zfp282,TF,True
200,Stox1,Stox1,TF,True
201,Nr3c1,Nr3c1,TF,True
202,Gm19965,Gm19965,TF,True
203,Gm28363,Gm28363,TF,True
204,B020011L13Rik,B020011L13Rik,TF,True
205,Gm28360,Gm28360,TF,True
206,Zfp212,Zfp212,TF,True
207,Zbtb16,Zbtb16,TF,True
208,Gm28168,Gm28168,TF,True
209,Gm7145,Gm7145,TF,True
210,Gm29106,Gm29106,TF,True
211,Tbx1,Tbx1,TF,True
212,Zfp956,Zfp956,TF,True
213,Zfp777,Zfp777,TF,True
214,Erg,Erg,TF,True
215,Lhx8,Lhx8,TF,True
216,Zfp72,Zfp72,TF,True
217,Pou4f3,Pou4f3,TF,True
218,Tcerg1,Tcerg1,TF,True
219,Zfp746,Zfp746,TF,True
220,Mybl1,Mybl1,TF,True
221,Nfatc3,Nfatc3,TF,True
222,Foxp3,Foxp3,TF,True
223,Zfp825,Zfp825,TF,True
224,Gm32717,Gm32717,TF,True
225,Gm32802,Gm32802,TF,True
226,Sox4,Sox4,TF,True
227,Gm9040,Gm9040,TF,True
228,Gm9044,Gm9044,TF,True
229,Gm9045,Gm9045,TF,True
230,Gm9046,Gm9046,TF,True
231,Gm9048,Gm9048,TF,True
232,Gm9049,Gm9049,TF,True
233,Ets2,Ets2,TF,True
234,Pbx2,Pbx2,TF,True
235,Osr2,Osr2,TF,True
236,E2f3,E2f3,TF,True
237,Zfp90,Zfp90,TF,True
238,Zfp41,Zfp41,TF,True
239,Ferd3l,Ferd3l,TF,True
240,Twist1,Twist1,TF,True
241,Sp4,Sp4,TF,True
242,Atoh8,Atoh8,TF,True
243,Sp8,Sp8,TF,True
244,Zfp534,Zfp534,TF,True
245,Zfp984,Zfp984,TF,True
246,Zfp933,Zfp933,TF,True
247,Zfp654,Zfp654,TF,True
248,Mafa,Mafa,TF,True
249,Zbtb18,Zbtb18,TF,True
250,Irf4,Irf4,TF,True
251,Pou1f1,Pou1f1,TF,True
252,Gcm1,Gcm1,TF,True
253,Klf15,Klf15,TF,True
254,Zfp467,Zfp467,TF,True
255,Sox5,Sox5,TF,True
256,Grhl2,Grhl2,TF,True
257,Eno1b,Eno1b,TF,True
258,Pax3,Pax3,TF,True
259,Foxq1,Foxq1,TF,True
260,Hey2,Hey2,TF,True
261,Ascl1,Ascl1,TF,True
262,Foxf2,Foxf2,TF,True
263,Foxc1,Foxc1,TF,True
264,Rfx2,Rfx2,TF,True
265,Barx2,Barx2,TF,True
266,Ahr,Ahr,TF,True
267,Dbx2,Dbx2,TF,True
268,Tcf4,Tcf4,TF,True
269,Atf6b,Atf6b,TF,True
270,Atoh7,Atoh7,TF,True
271,Klf10,Klf10,TF,True
272,Fli1,Fli1,TF,True
273,Arnt,Arnt,TF,True
274,Nkx6-1,Nkx6-1,TF,True
275,Ets1,Ets1,TF,True
276,Meox2,Meox2,TF,True
277,Otx2,Otx2,TF,True
278,Tfb2m,Tfb2m,TF,True
279,Nfil3,Nfil3,TF,True
280,Nfat5,Nfat5,TF,True
281,Dlx6,Dlx6,TF,True
282,Zbtb21,Zbtb21,TF,True
283,Msx2,Msx2,TF,True
284,Gm12258,Gm12258,TF,True
285,2810021J22Rik,2810021J22Rik,TF,True
286,Zfp39,Zfp39,TF,True
287,A630089N07Rik,A630089N07Rik,TF,True
288,Tcf24,Tcf24,TF,True
289,Dlx5,Dlx5,TF,True
290,Zfp775,Zfp775,TF,True
291,Zfp449,Zfp449,TF,True
292,AI854703,AI854703,TF,True
293,Esx1,Esx1,TF,True
294,Spic,Spic,TF,True
295,Etv1,Etv1,TF,True
296,Zfhx3,Zfhx3,TF,True
297,Gabpa,Gabpa,TF,True
298,Bhlhe41,Bhlhe41,TF,True
299,Six6,Six6,TF,True
300,Six1,Six1,TF,True
301,Six4,Six4,TF,True
302,Egr2,Egr2,TF,True
303,Vdr,Vdr,TF,True
304,Glis1,Glis1,TF,True
305,Dmrtb1,Dmrtb1,TF,True
306,Zfp384,Zfp384,TF,True
307,Helt,Helt,TF,True
308,Hif1a,Hif1a,TF,True
309,Smad4,Smad4,TF,True
310,Zfp518a,Zfp518a,TF,True
311,Bach1,Bach1,TF,True
312,Tfdp1,Tfdp1,TF,True
313,Zfp641,Zfp641,TF,True
314,Zbtb12,Zbtb12,TF,True
315,Zfp263,Zfp263,TF,True
316,Zfp174,Zfp174,TF,True
317,Zfp597,Zfp597,TF,True
318,Pou5f2,Pou5f2,TF,True
319,Nr1h4,Nr1h4,TF,True
320,Zbtb7c,Zbtb7c,TF,True
321,Trps1,Trps1,TF,True
322,Smad2,Smad2,TF,True
323,Nr2f1,Nr2f1,TF,True
324,Skor2,Skor2,TF,True
325,Zfp37,Zfp37,TF,True
326,Casz1,Casz1,TF,True
327,Rel,Rel,TF,True
328,Zfp821,Zfp821,TF,True
329,AI987944,AI987944,TF,True
330,Ddn,Ddn,TF,True
331,AW146154,AW146154,TF,True
332,Foxg1,Foxg1,TF,True
333,Gm43517,Gm43517,TF,True
334,Gm6871,Gm6871,TF,True
335,Zfp648,Zfp648,TF,True
336,Irf2,Irf2,TF,True
337,Bhlha15,Bhlha15,TF,True
338,2610021A01Rik,2610021A01Rik,TF,True
339,Zfp788,Zfp788,TF,True
340,Kmt2d,Kmt2d,TF,True
341,Rpf2,Rpf2,TF,True
342,Rfx1,Rfx1,TF,True
343,Zbtb3,Zbtb3,TF,True
344,Bcl11a,Bcl11a,TF,True
345,Gsc,Gsc,TF,True
346,Esr2,Esr2,TF,True
347,Zfp612,Zfp612,TF,True
348,Nr2c2,Nr2c2,TF,True
349,Stox2,Stox2,TF,True
350,Tfap4,Tfap4,TF,True
351,Nkx1-1,Nkx1-1,TF,True
352,Nfatc1,Nfatc1,TF,True
353,Glis2,Glis2,TF,True
354,Pknox2,Pknox2,TF,True
355,Tfe3,Tfe3,TF,True
356,Neurod2,Neurod2,TF,True
357,Nfxl1,Nfxl1,TF,True
358,Zbtb25,Zbtb25,TF,True
359,Zbtb1,Zbtb1,TF,True
360,Cc2d1a,Cc2d1a,TF,True
361,Tsc22d1,Tsc22d1,TF,True
362,Zfp141,Zfp141,TF,True
363,Sall3,Sall3,TF,True
364,Zbtb24,Zbtb24,TF,True
365,Zfp867,Zfp867,TF,True
366,Zfp977,Zfp977,TF,True
367,Zfp976,Zfp976,TF,True
368,Zfp975,Zfp975,TF,True
369,Gm17067,Gm17067,TF,True
370,Gm2381,Gm2381,TF,True
371,Arntl2,Arntl2,TF,True
372,Zic3,Zic3,TF,True
373,Zfp236,Zfp236,TF,True
374,Klf6,Klf6,TF,True
375,Zfp516,Zfp516,TF,True
376,Tshz1,Tshz1,TF,True
377,Ndn,Ndn,TF,True
378,Zkscan17,Zkscan17,TF,True
379,Zfp715,Zfp715,TF,True
380,Tfb1m,Tfb1m,TF,True
381,Ikzf3,Ikzf3,TF,True
382,Etv3,Etv3,TF,True
383,Etv3l,Etv3l,TF,True
384,Pitx2,Pitx2,TF,True
385,Klf13,Klf13,TF,True
386,Zfp951,Zfp951,TF,True
387,Gm45871,Gm45871,TF,True
388,Bnc1,Bnc1,TF,True
389,Zfp219,Zfp219,TF,True
390,Nkx2-3,Nkx2-3,TF,True
391,Rreb1,Rreb1,TF,True
392,Scx,Scx,TF,True
393,Lhx4,Lhx4,TF,True
394,Stat4,Stat4,TF,True
395,Bcl11b,Bcl11b,TF,True
396,Hsf1,Hsf1,TF,True
397,Foxp2,Foxp2,TF,True
398,Scrt1,Scrt1,TF,True
399,Etv5,Etv5,TF,True
400,Myrf,Myrf,TF,True
401,Atf1,Atf1,TF,True
402,Elf1,Elf1,TF,True
403,Gpbp1,Gpbp1,TF,True
404,Elf2,Elf2,TF,True
405,Tfec,Tfec,TF,True
406,Mxd3,Mxd3,TF,True
407,Nacc1,Nacc1,TF,True
408,Barhl2,Barhl2,TF,True
409,Zfp644,Zfp644,TF,True
410,Csrnp2,Csrnp2,TF,True
411,Thra,Thra,TF,True
412,Isl2,Isl2,TF,True
413,Prdm14,Prdm14,TF,True
414,Yy1,Yy1,TF,True
415,Nr1d1,Nr1d1,TF,True
416,Tfcp2,Tfcp2,TF,True
417,Foxh1,Foxh1,TF,True
418,Nfe2l3,Nfe2l3,TF,True
419,Pou6f1,Pou6f1,TF,True
420,Zfp658,Zfp658,TF,True
421,Zfp719,Zfp719,TF,True
422,Zfp819,Zfp819,TF,True
423,Pax2,Pax2,TF,True
424,Foxo3,Foxo3,TF,True
425,Obox8,Obox8,TF,True
426,Zfp251,Zfp251,TF,True
427,Zfp7,Zfp7,TF,True
428,Hand2,Hand2,TF,True
429,Bcl6,Bcl6,TF,True
430,Elk3,Elk3,TF,True
431,Crem,Crem,TF,True
432,Nr2e1,Nr2e1,TF,True
433,Foxo1,Foxo1,TF,True
434,Zfp647,Zfp647,TF,True
435,Zbtb14,Zbtb14,TF,True
436,Cc2d1b,Cc2d1b,TF,True
437,Mef2c,Mef2c,TF,True
438,Hdgf,Hdgf,TF,True
439,Pou5f1,Pou5f1,TF,True
440,Tlx1,Tlx1,TF,True
441,Lbx1,Lbx1,TF,True
442,Litaf,Litaf,TF,True
443,Tbx18,Tbx18,TF,True
444,Lef1,Lef1,TF,True
445,Nfix,Nfix,TF,True
446,Gata1,Gata1,TF,True
447,Trp63,Trp63,TF,True
448,Eno1,Eno1,TF,True
449,Lyl1,Lyl1,TF,True
450,Zkscan14,Zkscan14,TF,True
451,Zkscan5,Zkscan5,TF,True
452,Sall2,Sall2,TF,True
453,Rara,Rara,TF,True
454,Zfp655,Zfp655,TF,True
455,Zscan25,Zscan25,TF,True
456,Tfcp2l1,Tfcp2l1,TF,True
457,Gm14444,Gm14444,TF,True
458,Nr4a1,Nr4a1,TF,True
459,Gm14393,Gm14393,TF,True
460,Zfp438,Zfp438,TF,True
461,Zeb1,Zeb1,TF,True
462,Gm14399,Gm14399,TF,True
463,Prdm1,Prdm1,TF,True
464,Gm14443,Gm14443,TF,True
465,Scrt2,Scrt2,TF,True
466,Gm14391,Gm14391,TF,True
467,Gli2,Gli2,TF,True
468,Obox7,Obox7,TF,True
469,Tcf15,Tcf15,TF,True
470,Gm4631,Gm4631,TF,True
471,Klf1,Klf1,TF,True
472,Zfp968,Zfp968,TF,True
473,Mkx,Mkx,TF,True
474,Gm4724,Gm4724,TF,True
475,Ddit3,Ddit3,TF,True
476,Zfp965,Zfp965,TF,True
477,Gm11007,Gm11007,TF,True
478,Tgif1,Tgif1,TF,True
479,Prrxl1,Prrxl1,TF,True
480,Zfp969,Zfp969,TF,True
481,Mef2d,Mef2d,TF,True
482,Pgr,Pgr,TF,True
483,Gm2007,Gm2007,TF,True
484,Gm6710,Gm6710,TF,True
485,Zfp966,Zfp966,TF,True
486,Creb5,Creb5,TF,True
487,Zfp202,Zfp202,TF,True
488,Gm2026,Gm2026,TF,True
489,Gm2004,Gm2004,TF,True
490,Tead4,Tead4,TF,True
491,2210418O10Rik,2210418O10Rik,TF,True
492,Gm11009,Gm11009,TF,True
493,Obox2,Obox2,TF,True
494,Mixl1,Mixl1,TF,True
495,Gm14434,Gm14434,TF,True
496,Mitf,Mitf,TF,True
497,Obox1,Obox1,TF,True
498,Nr2c1,Nr2c1,TF,True
499,Zfp967,Zfp967,TF,True
500,Gli1,Gli1,TF,True
501,Foxm1,Foxm1,TF,True
502,Gm14308,Gm14308,TF,True
503,Stat1,Stat1,TF,True
504,Bhlha9,Bhlha9,TF,True
505,Srebf1,Srebf1,TF,True
506,Zfp973,Zfp973,TF,True
507,Hes1,Hes1,TF,True
508,Gm14305,Gm14305,TF,True
509,Arnt2,Arnt2,TF,True
510,Gm14295,Gm14295,TF,True
511,Gm14408,Gm14408,TF,True
512,Zfp410,Zfp410,TF,True
513,Sox12,Sox12,TF,True
514,Junb,Junb,TF,True
515,Gm14419,Gm14419,TF,True
516,Gm14401,Gm14401,TF,True
517,Obox3,Obox3,TF,True
518,Pitx3,Pitx3,TF,True
519,Gm14410,Gm14410,TF,True
520,Gm14409,Gm14409,TF,True
521,Gm14412,Gm14412,TF,True
522,Zfp740,Zfp740,TF,True
523,Sim1,Sim1,TF,True
524,Gata6,Gata6,TF,True
525,Obox5,Obox5,TF,True
526,Gmeb1,Gmeb1,TF,True
527,Rarg,Rarg,TF,True
528,Obox6,Obox6,TF,True
529,Gm14418,Gm14418,TF,True
530,Zfp970,Zfp970,TF,True
531,Gm14403,Gm14403,TF,True
532,Zbtb48,Zbtb48,TF,True
533,Gfi1,Gfi1,TF,True
534,Gm14406,Gm14406,TF,True
535,Gm14322,Gm14322,TF,True
536,Gm14325,Gm14325,TF,True
537,Gm14327,Gm14327,TF,True
538,Zfp972,Zfp972,TF,True
539,Gm14326,Gm14326,TF,True
540,Crx,Crx,TF,True
541,Zfp971,Zfp971,TF,True
542,Nfkb2,Nfkb2,TF,True
543,Zfp949,Zfp949,TF,True
544,Tle4,Tle4,TF,True
545,Vax2,Vax2,TF,True
546,C130026I21Rik,C130026I21Rik,TF,True
547,Zfp931,Zfp931,TF,True
548,Rfx6,Rfx6,TF,True
549,Tbx15,Tbx15,TF,True
550,Arx,Arx,TF,True
551,Sp7,Sp7,TF,True
552,Sp1,Sp1,TF,True
553,Pitx1,Pitx1,TF,True
554,Sox10,Sox10,TF,True
555,A530032D15Rik,A530032D15Rik,TF,True
556,Smad9,Smad9,TF,True
557,Rfxap,Rfxap,TF,True
558,Maf,Maf,TF,True
559,Msc,Msc,TF,True
560,Zfp148,Zfp148,TF,True
561,Hnf4g,Hnf4g,TF,True
562,Bsx,Bsx,TF,True
563,Isl1,Isl1,TF,True
564,Atmin,Atmin,TF,True
565,Maff,Maff,TF,True
566,Cebpe,Cebpe,TF,True
567,Foxb2,Foxb2,TF,True
568,Zfhx4,Zfhx4,TF,True
569,Sp110,Sp110,TF,True
570,Osr1,Osr1,TF,True
571,Msgn1,Msgn1,TF,True
572,Sox8,Sox8,TF,True
573,Mlxip,Mlxip,TF,True
574,Sohlh2,Sohlh2,TF,True
575,Zfp791,Zfp791,TF,True
576,Hey1,Hey1,TF,True
577,Smad5,Smad5,TF,True
578,Mycn,Mycn,TF,True
579,Rorb,Rorb,TF,True
580,En1,En1,TF,True
581,Zbtb42,Zbtb42,TF,True
582,Spz1,Spz1,TF,True
583,Tbx6,Tbx6,TF,True
584,Foxj1,Foxj1,TF,True
585,Zfhx2,Zfhx2,TF,True
586,Dmrta2,Dmrta2,TF,True
587,Gsx2,Gsx2,TF,True
588,Gm28047,Gm28047,TF,True
589,Mtf2,Mtf2,TF,True
590,Foxs1,Foxs1,TF,True
591,Atf7,Atf7,TF,True
592,Nhlh2,Nhlh2,TF,True
593,Sp100,Sp100,TF,True
594,Hoxc13,Hoxc13,TF,True
595,Hoxc12,Hoxc12,TF,True
596,Hoxc11,Hoxc11,TF,True
597,Hoxc10,Hoxc10,TF,True
598,Hoxc5,Hoxc5,TF,True
599,Hoxc9,Hoxc9,TF,True
600,Hoxc8,Hoxc8,TF,True
601,Hoxc6,Hoxc6,TF,True
602,Rxra,Rxra,TF,True
603,Zfp704,Zfp704,TF,True
604,Foxp1,Foxp1,TF,True
605,Ss18l1,Ss18l1,TF,True
606,Max,Max,TF,True
607,Hoxc4,Hoxc4,TF,True
608,Nfkb1,Nfkb1,TF,True
609,A630001G21Rik,A630001G21Rik,TF,True
610,Nrl,Nrl,TF,True
611,Hes2,Hes2,TF,True
612,Gm9833,Gm9833,TF,True
613,Zic1,Zic1,TF,True
614,Atf4,Atf4,TF,True
615,Pou2f3,Pou2f3,TF,True
616,Vsx2,Vsx2,TF,True
617,Zic4,Zic4,TF,True
618,Plscr1,Plscr1,TF,True
619,Hes3,Hes3,TF,True
620,Zfp423,Zfp423,TF,True
621,Gsx1,Gsx1,TF,True
622,Mrtfa,Mrtfa,TF,True
623,Pdx1,Pdx1,TF,True
624,Cdx2,Cdx2,TF,True
625,Zfp131,Zfp131,TF,True
626,Plscr2,Plscr2,TF,True
627,Mga,Mga,TF,True
628,Zfp930,Zfp930,TF,True
629,1700057G04Rik,1700057G04Rik,TF,True
630,Zfp868,Zfp868,TF,True
631,Zfp964,Zfp964,TF,True
632,Zfp869,Zfp869,TF,True
633,Ep300,Ep300,TF,True
634,Zfp963,Zfp963,TF,True
635,Gm20422,Gm20422,TF,True
636,Zfp866,Zfp866,TF,True
637,Neurod6,Neurod6,TF,True
638,Fezf1,Fezf1,TF,True
639,Spib,Spib,TF,True
640,Nr1h5,Nr1h5,TF,True
641,Mxi1,Mxi1,TF,True
642,Otp,Otp,TF,True
643,Irf9,Irf9,TF,True
644,Hsf3,Hsf3,TF,True
645,Csrnp3,Csrnp3,TF,True
646,Foxi1,Foxi1,TF,True
647,Tef,Tef,TF,True
648,Pbx4,Pbx4,TF,True
649,Stat6,Stat6,TF,True
650,Npas1,Npas1,TF,True
651,Dmtf1,Dmtf1,TF,True
652,Ar,Ar,TF,True
653,Gata5,Gata5,TF,True
654,Rfxank,Rfxank,TF,True
655,Tfap2d,Tfap2d,TF,True
656,Stat5b,Stat5b,TF,True
657,Mef2a,Mef2a,TF,True
658,Plagl2,Plagl2,TF,True
659,Sall1,Sall1,TF,True
660,Tfam,Tfam,TF,True
661,Mef2b,Mef2b,TF,True
662,Zfp558,Zfp558,TF,True
663,Clock,Clock,TF,True
664,Zbtb39,Zbtb39,TF,True
665,Stat5a,Stat5a,TF,True
666,Foxd2,Foxd2,TF,True
667,Zfp623,Zfp623,TF,True
668,Zfp707,Zfp707,TF,True
669,Nr1h2,Nr1h2,TF,True
670,E2f5,E2f5,TF,True
671,Foxe3,Foxe3,TF,True
672,Tfap2b,Tfap2b,TF,True
673,Zfp317,Zfp317,TF,True
674,Tcf7l2,Tcf7l2,TF,True
675,Hsf2,Hsf2,TF,True
676,Tal1,Tal1,TF,True
677,Tcfl5,Tcfl5,TF,True
678,Etv6,Etv6,TF,True
679,Zfp560,Zfp560,TF,True
680,Alx1,Alx1,TF,True
681,Trp73,Trp73,TF,True
682,Bhlhe22,Bhlhe22,TF,True
683,Zfp426,Zfp426,TF,True
684,Crebl2,Crebl2,TF,True
685,Foxo4,Foxo4,TF,True
686,Stat3,Stat3,TF,True
687,Zfp266,Zfp266,TF,True
688,AW822073,AW822073,TF,True
689,Zfp846,Zfp846,TF,True
690,Duxf3,Duxf3,TF,True
691,Gm4981,Gm4981,TF,True
692,Maz,Maz,TF,True
693,Nkx6-3,Nkx6-3,TF,True
694,Nfatc4,Nfatc4,TF,True
695,5430403G16Rik,5430403G16Rik,TF,True
696,4930522L14Rik,4930522L14Rik,TF,True
697,Gfi1b,Gfi1b,TF,True
698,Gm15446,Gm15446,TF,True
699,Hmx1,Hmx1,TF,True
700,Zfp932,Zfp932,TF,True
701,Gli3,Gli3,TF,True
702,Gm17655,Gm17655,TF,True
703,Gm35315,Gm35315,TF,True
704,Tbx10,Tbx10,TF,True
705,Bhlhe23,Bhlhe23,TF,True
706,Zfp605,Zfp605,TF,True
707,Pou6f2,Pou6f2,TF,True
708,Hinfp,Hinfp,TF,True
709,Zfp607b,Zfp607b,TF,True
710,Nr1d2,Nr1d2,TF,True
711,Zfp626,Zfp626,TF,True
712,Thrb,Thrb,TF,True
713,Rarb,Rarb,TF,True
714,Zfp607a,Zfp607a,TF,True
715,Elk1,Elk1,TF,True
716,Crebrf,Crebrf,TF,True
717,Zfp974,Zfp974,TF,True
718,Zfp780b,Zfp780b,TF,True
719,Zfp850,Zfp850,TF,True
720,Nkx2-5,Nkx2-5,TF,True
721,Nr2f2,Nr2f2,TF,True
722,Rest,Rest,TF,True
723,Zfp300,Zfp300,TF,True
724,Hif3a,Hif3a,TF,True
725,Myf5,Myf5,TF,True
726,Myf6,Myf6,TF,True
727,Hsfy2,Hsfy2,TF,True
728,Zfp553,Zfp553,TF,True
729,Zfp771,Zfp771,TF,True
730,Tfdp2,Tfdp2,TF,True
731,Barhl1,Barhl1,TF,True
732,Ebf1,Ebf1,TF,True
733,Irx3,Irx3,TF,True
734,Satb2,Satb2,TF,True
735,Zfp683,Zfp683,TF,True
736,Dmbx1,Dmbx1,TF,True
737,Irx5,Irx5,TF,True
738,Irx6,Irx6,TF,True
739,Zhx1,Zhx1,TF,True
740,Prdm16,Prdm16,TF,True
741,Sox30,Sox30,TF,True
742,Zfp960,Zfp960,TF,True
743,Zfp97,Zfp97,TF,True
744,Mlx,Mlx,TF,True
745,Hlx,Hlx,TF,True
746,Zfp473,Zfp473,TF,True
747,Zfp808,Zfp808,TF,True
748,Nfib,Nfib,TF,True
749,Gm3604,Gm3604,TF,True
750,Zfp935,Zfp935,TF,True
751,Gm49359,Gm49359,TF,True
752,Zfp934,Zfp934,TF,True
753,Platr25,Platr25,TF,True
754,Gm5141,Gm5141,TF,True
755,E2f7,E2f7,TF,True
756,Zbtb38,Zbtb38,TF,True
757,Batf2,Batf2,TF,True
758,Emx1,Emx1,TF,True
759,P2rx2,P2rx2,TF,True
760,Atf5,Atf5,TF,True
761,Esrra,Esrra,TF,True
762,Cdx4,Cdx4,TF,True
763,Rhox5,Rhox5,TF,True
764,Noto,Noto,TF,True
765,Stat2,Stat2,TF,True
766,Bhlhe40,Bhlhe40,TF,True
767,Zfp367,Zfp367,TF,True
768,Sox3,Sox3,TF,True
769,Cphx1,Cphx1,TF,True
770,Duxbl1,Duxbl1,TF,True
771,Hes5,Hes5,TF,True
772,Hhex,Hhex,TF,True
773,Atoh1,Atoh1,TF,True
774,Zfp768,Zfp768,TF,True
775,Mypop,Mypop,TF,True
776,Zbtb2,Zbtb2,TF,True
777,Spi1,Spi1,TF,True
778,Zfp747,Zfp747,TF,True
779,Foxa3,Foxa3,TF,True
780,9130019O22Rik,9130019O22Rik,TF,True
781,E430018J23Rik,E430018J23Rik,TF,True
782,Zfp764,Zfp764,TF,True
783,Zfp997,Zfp997,TF,True
784,Gm10772,Gm10772,TF,True
785,Egr4,Egr4,TF,True
786,Zfp998,Zfp998,TF,True
787,Zfp689,Zfp689,TF,True
788,Pax4,Pax4,TF,True
789,Neurog1,Neurog1,TF,True
790,Foxr1,Foxr1,TF,True
791,Esr1,Esr1,TF,True
792,Zkscan4,Zkscan4,TF,True
793,Zkscan8,Zkscan8,TF,True
794,Zfp160,Zfp160,TF,True
795,Foxl2,Foxl2,TF,True
796,Runx2,Runx2,TF,True
797,Zfp677,Zfp677,TF,True
798,Zfp54,Zfp54,TF,True
799,Gata3,Gata3,TF,True
800,Nr2e3,Nr2e3,TF,True
801,Zfp51,Zfp51,TF,True
802,Zfp53,Zfp53,TF,True
803,Zfp52,Zfp52,TF,True
804,Zfp948,Zfp948,TF,True
805,Cdc5l,Cdc5l,TF,True
806,Runx3,Runx3,TF,True
807,Prdm5,Prdm5,TF,True
808,Six5,Six5,TF,True
809,Ascl3,Ascl3,TF,True
810,Figla,Figla,TF,True
811,Spdef,Spdef,TF,True
812,Thap1,Thap1,TF,True
813,Ski,Ski,TF,True
814,Zfp958,Zfp958,TF,True
815,Sox14,Sox14,TF,True
816,Grhl3,Grhl3,TF,True
817,Zfp709,Zfp709,TF,True
818,Zfp882,Zfp882,TF,True
819,Zfp617,Zfp617,TF,True
820,Zbtb37,Zbtb37,TF,True
821,Msx1,Msx1,TF,True
822,Zfp961,Zfp961,TF,True
823,Zfp523,Zfp523,TF,True
824,Zfp62,Zfp62,TF,True
825,Zfp629,Zfp629,TF,True
826,Irf5,Irf5,TF,True
827,E2f1,E2f1,TF,True
828,Zfp341,Zfp341,TF,True
829,Esrrg,Esrrg,TF,True
830,Ppard,Ppard,TF,True
831,Ikzf4,Ikzf4,TF,True
832,Klf2,Klf2,TF,True
833,E2f2,E2f2,TF,True
834,Shox2,Shox2,TF,True
835,Aebp2,Aebp2,TF,True
836,Zfp319,Zfp319,TF,True
837,Sp5,Sp5,TF,True
838,Fosb,Fosb,TF,True
839,Zfp46,Zfp46,TF,True
840,Tead3,Tead3,TF,True
841,Zbtb7b,Zbtb7b,TF,True
842,Zfp143,Zfp143,TF,True
843,Dmrta1,Dmrta1,TF,True
844,Zfp352,Zfp352,TF,True
845,Six3,Six3,TF,True
846,Srf,Srf,TF,True
847,Zfp668,Zfp668,TF,True
848,Pbxip1,Pbxip1,TF,True
849,Isx,Isx,TF,True
850,Alx3,Alx3,TF,True
851,Nrf1,Nrf1,TF,True
852,Myrfl,Myrfl,TF,True
853,Skor1,Skor1,TF,True
854,Gm12845,Gm12845,TF,True
855,Zbtb40,Zbtb40,TF,True
856,Klf17,Klf17,TF,True
857,Zfp287,Zfp287,TF,True
858,Zfp286,Zfp286,TF,True
859,Jun,Jun,TF,True
860,Neurod4,Neurod4,TF,True
861,Prox1,Prox1,TF,True
862,Smad3,Smad3,TF,True
863,Crebzf,Crebzf,TF,True
864,Pparg,Pparg,TF,True
865,Elk4,Elk4,TF,True
866,Foxn1,Foxn1,TF,True
867,Etv4,Etv4,TF,True
868,Meox1,Meox1,TF,True
869,Nkx3-2,Nkx3-2,TF,True
870,Purg,Purg,TF,True
871,Tfeb,Tfeb,TF,True
872,Zfp296,Zfp296,TF,True
873,Klf14,Klf14,TF,True
874,Zfp354c,Zfp354c,TF,True
875,Zfp879,Zfp879,TF,True
876,Batf3,Batf3,TF,True
877,Zfp454,Zfp454,TF,True
878,Zfp2,Zfp2,TF,True
879,Zfp354b,Zfp354b,TF,True
880,Atf3,Atf3,TF,True
881,Prop1,Prop1,TF,True
882,Foxn4,Foxn4,TF,True
883,Nfia,Nfia,TF,True
884,Zfp354a,Zfp354a,TF,True
885,Plagl1,Plagl1,TF,True
886,2610044O15Rik8,2610044O15Rik8,TF,True
887,Mecom,Mecom,TF,True
888,Zscan29,Zscan29,TF,True
889,Mynn,Mynn,TF,True
890,Zfp422,Zfp422,TF,True
891,Zfp872,Zfp872,TF,True
892,Zfp809,Zfp809,TF,True
893,Zfp599,Zfp599,TF,True
894,Zkscan6,Zkscan6,TF,True
895,Zfp810,Zfp810,TF,True
896,Pknox1,Pknox1,TF,True
897,Zfp637,Zfp637,TF,True
898,Gmeb2,Gmeb2,TF,True
899,Zfp239,Zfp239,TF,True
900,Neurog3,Neurog3,TF,True
901,Hivep2,Hivep2,TF,True
902,Relb,Relb,TF,True
903,Irf3,Irf3,TF,True
904,Creb3l4,Creb3l4,TF,True
905,Tchp,Tchp,TF,True
906,Wiz,Wiz,TF,True
907,Zfp248,Zfp248,TF,True
908,Zfp9,Zfp9,TF,True
909,Olig3,Olig3,TF,True
910,Skil,Skil,TF,True
911,Carf,Carf,TF,True
912,Zfp871,Zfp871,TF,True
913,Zfp811,Zfp811,TF,True
914,Zfp799,Zfp799,TF,True
915,Zfp870,Zfp870,TF,True
916,Zfp472,Zfp472,TF,True
917,Creb3l2,Creb3l2,TF,True
918,Zfp952,Zfp952,TF,True
919,Zfp763,Zfp763,TF,True
920,Zfp563,Zfp563,TF,True
921,Zfp955a,Zfp955a,TF,True
922,Zfp955b,Zfp955b,TF,True
923,Zfp81,Zfp81,TF,True
924,Zfp101,Zfp101,TF,True
925,Gm4125,Gm4125,TF,True
926,Hsf4,Hsf4,TF,True
927,Myb,Myb,TF,True
928,E2f4,E2f4,TF,True
929,Zfp639,Zfp639,TF,True
930,Tbx20,Tbx20,TF,True
931,Mesp1,Mesp1,TF,True
932,Mesp2,Mesp2,TF,True
933,Dlx1,Dlx1,TF,True
934,Hnf1a,Hnf1a,TF,True
935,Dlx2,Dlx2,TF,True
936,Tcf21,Tcf21,TF,True
937,Gbx1,Gbx1,TF,True
938,Mafg,Mafg,TF,True
939,Foxd3,Foxd3,TF,True
940,Zfp57,Zfp57,TF,True
941,T,T,TF,True
942,Zfp710,Zfp710,TF,True
943,Rorc,Rorc,TF,True
944,Prrx1,Prrx1,TF,True
945,Tcf7,Tcf7,TF,True
946,Gbx2,Gbx2,TF,True
947,Foxj3,Foxj3,TF,True
948,Hivep3,Hivep3,TF,True
949,Foxo6,Foxo6,TF,True
950,Nr2f6,Nr2f6,TF,True
951,Rxrb,Rxrb,TF,True
952,Ubp1,Ubp1,TF,True
953,Nfyc,Nfyc,TF,True
954,Pax7,Pax7,TF,True
955,Zfp69,Zfp69,TF,True
956,Rlf,Rlf,TF,True
957,Mycl,Mycl,TF,True
958,Heyl,Heyl,TF,True
959,Tead1,Tead1,TF,True
960,Jund,Jund,TF,True
961,Rora,Rora,TF,True
962,Lrrfip1,Lrrfip1,TF,True
963,Foxb1,Foxb1,TF,True
964,En2,En2,TF,True
965,Zfp358,Zfp358,TF,True
966,Nr1h3,Nr1h3,TF,True
967,Zgpat,Zgpat,TF,True
968,Eomes,Eomes,TF,True
969,Tead2,Tead2,TF,True
970,Tbx19,Tbx19,TF,True
971,Irf1,Irf1,TF,True
972,Mnx1,Mnx1,TF,True
973,Zbtb17,Zbtb17,TF,True
974,Tlx2,Tlx2,TF,True
975,Lbx2,Lbx2,TF,True
976,Sp3,Sp3,TF,True
977,Arntl,Arntl,TF,True
978,Prdm2,Prdm2,TF,True
979,Rbpj,Rbpj,TF,True
980,Hoxa4,Hoxa4,TF,True
981,Hoxa5,Hoxa5,TF,True
982,Hoxa6,Hoxa6,TF,True
983,Hoxa7,Hoxa7,TF,True
984,Hoxa9,Hoxa9,TF,True
985,Hoxa10,Hoxa10,TF,True
986,Hoxa11,Hoxa11,TF,True
987,Zfp990,Zfp990,TF,True
988,Zfp268,Zfp268,TF,True
989,Zfp980,Zfp980,TF,True
990,Tcf12,Tcf12,TF,True
991,Irf8,Irf8,TF,True
992,Zfp986,Zfp986,TF,True
993,Zfp987,Zfp987,TF,True
994,Zfp600,Zfp600,TF,True
995,Zfp992,Zfp992,TF,True
996,Zfp981,Zfp981,TF,True
997,Foxf1,Foxf1,TF,True
998,Hoxa1,Hoxa1,TF,True
999,Hoxa2,Hoxa2,TF,True
1000,Zfp989,Zfp989,TF,True
1001,Hoxa3,Hoxa3,TF,True
1002,Rex2,Rex2,TF,True
1003,Zfp991,Zfp991,TF,True
1004,Hoxa13,Hoxa13,TF,True
1005,Hes6,Hes6,TF,True
1006,Evx1,Evx1,TF,True
1007,Zfp988,Zfp988,TF,True
1008,Zfp978,Zfp978,TF,True
1009,Zfp982,Zfp982,TF,True
1010,Zfp985,Zfp985,TF,True
1011,Zfp979,Zfp979,TF,True
1012,Foxc2,Foxc2,TF,True
1013,Foxl1,Foxl1,TF,True
1014,Sp9,Sp9,TF,True
1015,Zfp180,Zfp180,TF,True
1016,Zfp112,Zfp112,TF,True
1017,Zfp235,Zfp235,TF,True
1018,Zfp114,Zfp114,TF,True
1019,Csrnp1,Csrnp1,TF,True
1020,Zfp111,Zfp111,TF,True
1021,Zfp109,Zfp109,TF,True
1022,Zfp280d,Zfp280d,TF,True
1023,Zfp108,Zfp108,TF,True
1024,Zfp93,Zfp93,TF,True
1025,Snai3,Snai3,TF,True
1026,Hes7,Hes7,TF,True
1027,Zfp61,Zfp61,TF,True
1028,Zfp94,Zfp94,TF,True
1029,Myog,Myog,TF,True
1030,Rfx7,Rfx7,TF,True
1031,Tbx3,Tbx3,TF,True
1032,Foxk2,Foxk2,TF,True
1033,Klf3,Klf3,TF,True
1034,Pou3f1,Pou3f1,TF,True
1035,Tbx5,Tbx5,TF,True
1036,Mtf1,Mtf1,TF,True
1037,Pcbp1,Pcbp1,TF,True
1038,Mxd1,Mxd1,TF,True
1039,Ptf1a,Ptf1a,TF,True
1040,Lhx5,Lhx5,TF,True
1041,Zfp628,Zfp628,TF,True
1042,Zfp750,Zfp750,TF,True
1043,Zfp651,Zfp651,TF,True
1044,Onecut1,Onecut1,TF,True
1045,Zscan2,Zscan2,TF,True
1046,Zfp84,Zfp84,TF,True
1047,Sox18,Sox18,TF,True
1048,Zfp790,Zfp790,TF,True
1049,Zfp524,Zfp524,TF,True
1050,Tfap2e,Tfap2e,TF,True
1051,Gm44973,Gm44973,TF,True
1052,Zfp940,Zfp940,TF,True
1053,Zfp865,Zfp865,TF,True
1054,Zfp280b,Zfp280b,TF,True
1055,Zfp420,Zfp420,TF,True
1056,Zfp27,Zfp27,TF,True
1057,Zfp383,Zfp383,TF,True
1058,Klf7,Klf7,TF,True
1059,Zfp74,Zfp74,TF,True
1060,Zfp784,Zfp784,TF,True
1061,Zfp580,Zfp580,TF,True
1062,Zscan20,Zscan20,TF,True
1063,Creb1,Creb1,TF,True
1064,Zfp362,Zfp362,TF,True
1065,Pou2f1,Pou2f1,TF,True
1066,2010315B03Rik,2010315B03Rik,TF,True
1067,Pcbp3,Pcbp3,TF,True
1068,Zfp445,Zfp445,TF,True
1069,Zfp568,Zfp568,TF,True
1070,Zkscan7,Zkscan7,TF,True
1071,Zfp105,Zfp105,TF,True
1072,Zfp14,Zfp14,TF,True
1073,Trp53,Trp53,TF,True
1074,Dmrtc2,Dmrtc2,TF,True
1075,Klf4,Klf4,TF,True
1076,Zfp82,Zfp82,TF,True
1077,Elf3,Elf3,TF,True
1078,Zfp566,Zfp566,TF,True
1079,Pou3f2,Pou3f2,TF,True
1080,Zfp260,Zfp260,TF,True
1081,Zfp382,Zfp382,TF,True
1082,Zfp146,Zfp146,TF,True
1083,Sox6,Sox6,TF,True
1084,Sox15,Sox15,TF,True
1085,Tgif2,Tgif2,TF,True
1086,Ovol3,Ovol3,TF,True
1087,Zfp787,Zfp787,TF,True
1088,Zfp408,Zfp408,TF,True
1089,Zfp444,Zfp444,TF,True
1090,Bach2,Bach2,TF,True
1091,Zscan5b,Zscan5b,TF,True
1092,Zbtb4,Zbtb4,TF,True
1093,Myt1,Myt1,TF,True
1094,Hnf1b,Hnf1b,TF,True
1095,Zfp667,Zfp667,TF,True
1096,Zfp583,Zfp583,TF,True
1097,Gm3854,Gm3854,TF,True
1098,Zfp78,Zfp78,TF,True
1099,Zkscan16,Zkscan16,TF,True
1100,Zfp28,Zfp28,TF,True
1101,Phox2b,Phox2b,TF,True
1102,Plag1,Plag1,TF,True
1103,2610008E11Rik,2610008E11Rik,TF,True
1104,Rxrg,Rxrg,TF,True
1105,Zim1,Zim1,TF,True
1106,Zfp513,Zfp513,TF,True
1107,Lmx1a,Lmx1a,TF,True
1108,Cux2,Cux2,TF,True
1109,Peg3,Peg3,TF,True
1110,Pbx1,Pbx1,TF,True
1111,Atf2,Atf2,TF,True
1112,Lhx1,Lhx1,TF,True
1113,Dbp,Dbp,TF,True
1114,Zfp418,Zfp418,TF,True
1115,Zfp772,Zfp772,TF,True
1116,Fosl2,Fosl2,TF,True
1117,Zfp292,Zfp292,TF,True
1118,Evx2,Evx2,TF,True
1119,Hoxd13,Hoxd13,TF,True
1120,Hoxd12,Hoxd12,TF,True
1121,Hoxd11,Hoxd11,TF,True
1122,Hoxd10,Hoxd10,TF,True
1123,Hoxd9,Hoxd9,TF,True
1124,Hoxd8,Hoxd8,TF,True
1125,Hoxd3,Hoxd3,TF,True
1126,Hoxd4,Hoxd4,TF,True
1127,Gm28230,Gm28230,TF,True
1128,Hoxd1,Hoxd1,TF,True
1129,Mlxipl,Mlxipl,TF,True
1130,Nfx1,Nfx1,TF,True
1131,Hand1,Hand1,TF,True
1132,Nfe2l2,Nfe2l2,TF,True
1133,Atf6,Atf6,TF,True
1134,Aff3,Aff3,TF,True
1135,Prrx2,Prrx2,TF,True
1136,Cux1,Cux1,TF,True
1137,Tcf3,Tcf3,TF,True
1138,Erfl,Erfl,TF,True
1139,Patz1,Patz1,TF,True
1140,Onecut3,Onecut3,TF,True
1141,Zkscan1,Zkscan1,TF,True
1142,Zscan21,Zscan21,TF,True
1143,Zfp692,Zfp692,TF,True
1144,Npas2,Npas2,TF,True
1145,Zfp113,Zfp113,TF,True
1146,Myef2,Myef2,TF,True
1147,Zfp672,Zfp672,TF,True
1148,Klf16,Klf16,TF,True
1149,Ikzf2,Ikzf2,TF,True
1150,Ascl5,Ascl5,TF,True
1151,Creb3l1,Creb3l1,TF,True
1152,Zfp157,Zfp157,TF,True
1153,Zfp68,Zfp68,TF,True
1154,A430033K04Rik,A430033K04Rik,TF,True
1155,Foxl3,Foxl3,TF,True
1156,Zfp574,Zfp574,TF,True
1157,Zik1,Zik1,TF,True
1158,Rfx8,Rfx8,TF,True
1159,Tbx2,Tbx2,TF,True
1160,Tbx4,Tbx4,TF,True
1161,Nr1i3,Nr1i3,TF,True
1162,Creb3l3,Creb3l3,TF,True
1163,Uncx,Uncx,TF,True
1164,Zbtb7a,Zbtb7a,TF,True
1165,Zscan4b,Zscan4b,TF,True
1166,Mafk,Mafk,TF,True
1167,Zscan4c,Zscan4c,TF,True
1168,Zscan4-ps1,Zscan4-ps1,TF,True
1169,Zscan4d,Zscan4d,TF,True
1170,Zscan4e,Zscan4e,TF,True
1171,Zscan4f,Zscan4f,TF,True
1172,Zscan4-ps2,Zscan4-ps2,TF,True
1173,Zscan4-ps3,Zscan4-ps3,TF,True
1174,Mafb,Mafb,TF,True
1175,Foxk1,Foxk1,TF,True
1176,Creb3,Creb3,TF,True
1177,Zbtb32,Zbtb32,TF,True
1178,Zhx3,Zhx3,TF,True
1179,Etv2,Etv2,TF,True
1180,Zfp281,Zfp281,TF,True
1181,Nr5a2,Nr5a2,TF,True
1182,Nfic,Nfic,TF,True
1183,Zfp551,Zfp551,TF,True
1184,Zfp606,Zfp606,TF,True
1185,Pax5,Pax5,TF,True
1186,Zbtb5,Zbtb5,TF,True
1187,Pax8,Pax8,TF,True
1188,Zfp11,Zfp11,TF,True
1189,Gm10778,Gm10778,TF,True
1190,Zfp433,Zfp433,TF,True
1191,Gm4767,Gm4767,TF,True
1192,Gm32687,Gm32687,TF,True
1193,Zscan18,Zscan18,TF,True
1194,Zfp873,Zfp873,TF,True
1195,BC024063,BC024063,TF,True
1196,AU041133,AU041133,TF,True
1197,Zfp329,Zfp329,TF,True
1198,Zfp938,Zfp938,TF,True
1199,Gm4924,Gm4924,TF,True
1200,Nfyb,Nfyb,TF,True
1201,Sox17,Sox17,TF,True
1202,Zfp128,Zfp128,TF,True
1203,Zscan22,Zscan22,TF,True
1204,Zfp324,Zfp324,TF,True
1205,Ikzf5,Ikzf5,TF,True
1206,Foxe1,Foxe1,TF,True
1207,Hmx3,Hmx3,TF,True
1208,Hmx2,Hmx2,TF,True
1209,Pou2f2,Pou2f2,TF,True
1210,Gtf2i,Gtf2i,TF,True
1211,Nr4a3,Nr4a3,TF,True
1212,Zfp526,Zfp526,TF,True
1213,Zfp189,Zfp189,TF,True
1214,Erf,Erf,TF,True
1215,Gtf2ird1,Gtf2ird1,TF,True
1216,Bcl6b,Bcl6b,TF,True
1217,Tal2,Tal2,TF,True
1218,Nkx1-2,Nkx1-2,TF,True
1219,Myod1,Myod1,TF,True
1220,Mybl2,Mybl2,TF,True
1221,Hsf5,Hsf5,TF,True
1222,Arid3c,Arid3c,TF,True
1223,Pou3f3,Pou3f3,TF,True
1224,Lhx9,Lhx9,TF,True
1225,Alx4,Alx4,TF,True
1226,Hnf4a,Hnf4a,TF,True
1227,Cic,Cic,TF,True
1228,Zbtb41,Zbtb41,TF,True
1229,Zbtb49,Zbtb49,TF,True
1230,Nhlh1,Nhlh1,TF,True
1231,Vezf1,Vezf1,TF,True
1232,Neurod1,Neurod1,TF,True
1233,St18,St18,TF,True
1234,Rbpjl,Rbpjl,TF,True
1235,Ciao1,Ciao1,TF,True
1236,Usf2,Usf2,TF,True
1237,Preb,Preb,TF,True
1238,Tcf23,Tcf23,TF,True
1239,Rbak,Rbak,TF,True
1240,Zfp12,Zfp12,TF,True
1241,Zfp853,Zfp853,TF,True
1242,Foxi2,Foxi2,TF,True
1243,Xbp1,Xbp1,TF,True
1244,Hlf,Hlf,TF,True
1245,Arap1,Arap1,TF,True
1246,Kcnip3,Kcnip3,TF,True
1247,Sox9,Sox9,TF,True
1248,Ifi206,Ifi206,TF,True
1249,Ifi207,Ifi207,TF,True
1250,Ifi204,Ifi204,TF,True
1251,E2f8,E2f8,TF,True
1252,Aebp1,Aebp1,TF,True
1253,Zfp661,Zfp661,TF,True
1254,Dbx1,Dbx1,TF,True
1255,Ebf3,Ebf3,TF,True
1256,Zfp3,Zfp3,TF,True
1257,Phox2a,Phox2a,TF,True
1258,Zc3h8,Zc3h8,TF,True
1259,Nkx6-2,Nkx6-2,TF,True
1260,Ehf,Ehf,TF,True
1261,Elf5,Elf5,TF,True
1262,Usf1,Usf1,TF,True
1263,Tstd1,Tstd1,TF,True
1264,Fev,Fev,TF,True
1265,Purb,Purb,TF,True
1266,Cebpg,Cebpg,TF,True
1267,Cebpa,Cebpa,TF,True
1268,Sox13,Sox13,TF,True
1269,Zfp663,Zfp663,TF,True
1270,Irf6,Irf6,TF,True
1271,Zfp334,Zfp334,TF,True
1272,Ebf4,Ebf4,TF,True
1273,Ikzf1,Ikzf1,TF,True
1274,Zfp941,Zfp941,TF,True
1275,Zfp507,Zfp507,TF,True
1276,Zkscan2,Zkscan2,TF,True
1277,Zfp536,Zfp536,TF,True
1278,Wt1,Wt1,TF,True
1279,Zfp735,Zfp735,TF,True
1280,Zfp616,Zfp616,TF,True
1281,Dlx3,Dlx3,TF,True
1282,Dlx4,Dlx4,TF,True
1283,Meis1,Meis1,TF,True
1284,Zfp619,Zfp619,TF,True
1285,Irf7,Irf7,TF,True
1286,Mnt,Mnt,TF,True
1287,Deaf1,Deaf1,TF,True
1288,Zfp652,Zfp652,TF,True
1289,Pax6,Pax6,TF,True
1290,Otx1,Otx1,TF,True
1291,Hoxb13,Hoxb13,TF,True
1292,Hoxb9,Hoxb9,TF,True
1293,Hoxb8,Hoxb8,TF,True
1294,Hoxb7,Hoxb7,TF,True
1295,Hoxb6,Hoxb6,TF,True
1296,Hoxb5,Hoxb5,TF,True
1297,Hoxb4,Hoxb4,TF,True
1298,Snai1,Snai1,TF,True
1299,Hoxb3,Hoxb3,TF,True
1300,Hoxb2,Hoxb2,TF,True
1301,Hoxb1,Hoxb1,TF,True
1302,Cebpb,Cebpb,TF,True
1303,Nfe2l1,Nfe2l1,TF,True
1304,Sp2,Sp2,TF,True
1305,Sp6,Sp6,TF,True
1306,Tbx21,Tbx21,TF,True
1307,Zbtb34,Zbtb34,TF,True
1308,Ascl2,Ascl2,TF,True
1309,Tlx3,Tlx3,TF,True
1310,Hic1,Hic1,TF,True
1311,Lmx1b,Lmx1b,TF,True
1312,Nfatc2,Nfatc2,TF,True
1313,Pbx3,Pbx3,TF,True
1314,Bmyc,Bmyc,TF,True
1315,Sohlh1,Sohlh1,TF,True
1316,Msx3,Msx3,TF,True
1317,Zfp446,Zfp446,TF,True
1318,Zbtb45,Zbtb45,TF,True
1319,Mzf1,Mzf1,TF,True
1320,Zfp954,Zfp954,TF,True
1321,Zfp773,Zfp773,TF,True
1322,Meis3,Meis3,TF,True
1323,Sall4,Sall4,TF,True
1324,Tshz2,Tshz2,TF,True
1325,Zfp217,Zfp217,TF,True
1326,Tfap2c,Tfap2c,TF,True
1327,Ctcfl,Ctcfl,TF,True
1328,Nacc2,Nacc2,TF,True
1329,Lhx3,Lhx3,TF,True
1330,Zfp770,Zfp770,TF,True
1331,Meis2,Meis2,TF,True
1332,Ovol2,Ovol2,TF,True
1333,Lhx6,Lhx6,TF,True
1334,Insm1,Insm1,TF,True
1335,Zbtb6,Zbtb6,TF,True
1336,Zbtb26,Zbtb26,TF,True
1337,Nkx2-4,Nkx2-4,TF,True
1338,Nkx2-2,Nkx2-2,TF,True
1339,Pax1,Pax1,TF,True
1340,Foxa2,Foxa2,TF,True
1341,Gzf1,Gzf1,TF,True
1342,Zfp120,Zfp120,TF,True
1343,Gm10770,Gm10770,TF,True
1344,Gm14139,Gm14139,TF,True
1345,Zfp937,Zfp937,TF,True
1346,Gm21994,Gm21994,TF,True
1347,Gm14124,Gm14124,TF,True
1348,Zfp442,Zfp442,TF,True
1349,Zfp345,Zfp345,TF,True
1350,Vsx1,Vsx1,TF,True
1351,Lhx2,Lhx2,TF,True
1352,Nr5a1,Nr5a1,TF,True
1353,Nr6a1,Nr6a1,TF,True
1354,Zeb2,Zeb2,TF,True
1355,Nr4a2,Nr4a2,TF,True
1356,Tbr1,Tbr1,TF,True
1357,Egfl7,Mir126a,MiRNA_HG,True
1358,AC124108.1,Mir135b,MiRNA_HG,True
1359,Gm27029,Mir6929,MiRNA_HG,True
1360,Acvr1b,Mir6962,MiRNA_HG,True
1361,Syne2,Mir5101,MiRNA_HG,True
1362,Cep170,Mir350,MiRNA_HG,True
1363,Tlcd2,Mir22,MiRNA_HG,True
1364,Myh7b,Mir499,MiRNA_HG,True
1365,Copz2,Mir152,MiRNA_HG,True
1366,F630028O10Rik,Mir223,MiRNA_HG,True
1367,Gm28119,Mir125b-1,MiRNA_HG,True
1368,Itga5,Mir6963,MiRNA_HG,True
1369,Fam114a1,Mir574,MiRNA_HG,True
1370,Atp9a,Mir7004,MiRNA_HG,True
1371,C130071C03Rik,Mir9-2,MiRNA_HG,True
1372,Lpp,Mir28a,MiRNA_HG,True
1374,Grtp1,Mir1968,MiRNA_HG,True
1375,Myh7,Mir208b,MiRNA_HG,True
1376,Ptges3l,Mir6929,MiRNA_HG,True
1377,Ttc28,Mir701,MiRNA_HG,True
1378,Snhg20,Mir6516,MiRNA_HG,True
1379,Troap,Mir6960,MiRNA_HG,True
1380,Alg10b,Mir7648,MiRNA_HG,True
1381,Cfb,Mir6972,MiRNA_HG,True
1382,C2cd2,Mir6964,MiRNA_HG,True
1383,Chm,Mir361,MiRNA_HG,True
1384,Glce,Mir5133,MiRNA_HG,True
1385,Add1,Mir7036b,MiRNA_HG,True
1386,Atp6v0a1,Mir6928,MiRNA_HG,True
1387,Samd4b,Mir7049,MiRNA_HG,True
1388,Raver1,Mir7082,MiRNA_HG,True
1389,Pink1,Mir7019,MiRNA_HG,True
1390,Tatdn2,Mir7042,MiRNA_HG,True
1391,Ncl,mmu-mir-3535,MiRNA_HG,True
1392,Dock5,Mir6539,MiRNA_HG,True
1393,Pak4,Mir7049,MiRNA_HG,True
1394,AL805899.1,Mir31,MiRNA_HG,True
1395,Sbf1,Mir6959,MiRNA_HG,True
1396,Rpl13a,Mir5121,MiRNA_HG,True
1397,Itpk1,Mir1936,MiRNA_HG,True
1398,B3galt1,Mir7224,MiRNA_HG,True
1399,Smurf1,Mir7039,MiRNA_HG,True
1400,Myh3,Mir6923,MiRNA_HG,True
1401,Oaz1,Mir1982,MiRNA_HG,True
1402,Adam19,Mir8100,MiRNA_HG,True
1403,Scd2,Mir5114,MiRNA_HG,True
1404,Trmt1l,Mir7682,MiRNA_HG,True
1405,Tbkbp1,Mir7235,MiRNA_HG,True
1406,Akt1,Mir6939,MiRNA_HG,True
1407,Gap43,Mir6540,MiRNA_HG,True
1408,P2rx7,Mir8115,MiRNA_HG,True
1409,Xkr6,Mir598,MiRNA_HG,True
1410,Mgat4b,Mir6919,MiRNA_HG,True
1412,Cdk17,Mir1931,MiRNA_HG,True
1413,Anxa5,Mir7009,MiRNA_HG,True
1414,Slit2,Mir218-1,MiRNA_HG,True
1415,Irak1,Mir5132,MiRNA_HG,True
1416,Wdfy2,Mir8098,MiRNA_HG,True
1417,Tectb,Mir6715,MiRNA_HG,True
1418,Ecm1,Mir7014,MiRNA_HG,True
1419,Ddhd1,Mir5131,MiRNA_HG,True
1420,Plxnb2,Mir7118,MiRNA_HG,True
1421,Rasa4,Mir7035,MiRNA_HG,True
1422,Slc9a1,Mir5122,MiRNA_HG,True
1423,Ints1,Mir7037,MiRNA_HG,True
1424,Fads1,Mir6993,MiRNA_HG,True
1425,Pank2,Mir103-2,MiRNA_HG,True
1426,Mroh1,Mir6954,MiRNA_HG,True
1427,AA467197,Mir147,MiRNA_HG,True
1428,Acly,Mir7116,MiRNA_HG,True
1429,Ripor1,Mir1966,MiRNA_HG,True
1430,Anxa2,Mir3109,MiRNA_HG,True
1431,C3,Mir6978,MiRNA_HG,True
1433,Plod3,Mir702,MiRNA_HG,True
1434,Patl1,Mir6994,MiRNA_HG,True
1435,Pank3,Mir103-1,MiRNA_HG,True
1436,Slc17a7,Mir7055,MiRNA_HG,True
1437,Ugp2,Mir1933,MiRNA_HG,True
1438,Gm35853,Mir1941,MiRNA_HG,True
1439,Smap2,Mir7015,MiRNA_HG,True
1440,Plekha1,Mir7061,MiRNA_HG,True
1441,Cd74,Mir5107,MiRNA_HG,True
1442,Pgs1,Mir6933,MiRNA_HG,True
1443,Tmem94,Mir5621,MiRNA_HG,True
1444,Tkt,Mir3076,MiRNA_HG,True
1445,Rcan3,Mir700,MiRNA_HG,True
1446,Gm17494,Mir760,MiRNA_HG,True
1447,Pank1,Mir107,MiRNA_HG,True
1448,Col27a1,Mir455,MiRNA_HG,True
1449,D030055H07Rik,Mir135a-1,MiRNA_HG,True
1450,Sgcz,Mir383,MiRNA_HG,True
1451,Dbn1,Mir6944,MiRNA_HG,True
1452,Wasf2,Mir7017,MiRNA_HG,True
1453,Dennd6b,Mir6958,MiRNA_HG,True
1454,Sptan1,Mir6997,MiRNA_HG,True
1455,Jag2,Mir6941,MiRNA_HG,True
1456,Tango2,Mir185,MiRNA_HG,True
1457,Rabac1,Mir7046,MiRNA_HG,True
1458,Eml2,Mir330,MiRNA_HG,True
1459,2210011C24Rik,Mir1199,MiRNA_HG,True
1460,Baiap3,Mir3547,MiRNA_HG,True
1461,Gpc1,Mir149,MiRNA_HG,True
1462,Trpm1,Mir211,MiRNA_HG,True
1463,Shank2,Mir3105,MiRNA_HG,True
1464,Hip1r,Mir7032,MiRNA_HG,True
1465,Narfl,Mir6966,MiRNA_HG,True
1466,Apba3,Mir3057,MiRNA_HG,True
1467,Gm49394,Mir483,MiRNA_HG,True
1468,Boc,Mir3081,MiRNA_HG,True
1469,Rgs12,Mir3097,MiRNA_HG,True
1470,Gm2044,Mir202,MiRNA_HG,True
1471,Cnot1,Mir7073,MiRNA_HG,True
1472,Dohh,Mir6913,MiRNA_HG,True
1473,Ndufa10,Mir6900,MiRNA_HG,True
1474,Smoc1,Mir3067,MiRNA_HG,True
1475,Ryr1,Mir1963,MiRNA_HG,True
1476,Vmp1,Mir21a,MiRNA_HG,True
1477,Ank,Mir7117,MiRNA_HG,True
1478,AC157910.3,Mir122,MiRNA_HG,True
1479,Nexmif,Mir672,MiRNA_HG,True
1480,Map4k2,Mir6989,MiRNA_HG,True
1481,Tbc1d16,Mir6934,MiRNA_HG,True
1482,Klhl3,Mir874,MiRNA_HG,True
1483,Rabgap1l,Mir1927,MiRNA_HG,True
1484,Chrm2,Mir490,MiRNA_HG,True
1485,Fgf13,Mir504,MiRNA_HG,True
1486,2010111I01Rik,Mir23b,MiRNA_HG,True
1487,2610318N02Rik,Mir301b,MiRNA_HG,True
1488,2700081O15Rik,Mir6991,MiRNA_HG,True
1489,A330023F24Rik,Mir29c,MiRNA_HG,True
1490,A430106G13Rik,Mir181b-1,MiRNA_HG,True
1491,Arpp21,Mir128-2,MiRNA_HG,True
1492,Astn1,Mir488,MiRNA_HG,True
1493,Calcr,Mir653,MiRNA_HG,True
1494,Cdc20b,Mir449b,MiRNA_HG,True
1495,Clcn5,Mir188,MiRNA_HG,True
1496,Dio3os,Mir1247,MiRNA_HG,True
1497,Dock6,Mir7083,MiRNA_HG,True
1498,Evl,Mir342,MiRNA_HG,True
1499,Gabre,Mir224,MiRNA_HG,True
1500,Gm16863,Mir7680,MiRNA_HG,True
1501,Gm28653,Mir206,MiRNA_HG,True
1502,Gm4258,Mir181a-1,MiRNA_HG,True
1503,Gm49317,Mir100,MiRNA_HG,True
1504,Gucy1a1,Mir7010,MiRNA_HG,True
1506,Htr2c,Mir1298,MiRNA_HG,True
1507,Igf2,Mir483,MiRNA_HG,True
1508,Josd2,Mir7052,MiRNA_HG,True
1509,Mest,Mir335,MiRNA_HG,True
1510,Mir124-2hg,Mir124a-2,MiRNA_HG,True
1511,Mir124a-1hg,Mir124a-1,MiRNA_HG,True
1512,Mir133a-1hg,Mir133a-1,MiRNA_HG,True
1513,Mir155hg,Mir155,MiRNA_HG,True
1514,Mir17hg,Mir19b-1,MiRNA_HG,True
1515,Mir22hg,Mir22,MiRNA_HG,True
1516,Mir670hg,Mir670,MiRNA_HG,True
1517,Mir9-3hg,Mir9-3,MiRNA_HG,True
1518,Mir99ahg,Mir125b-2,MiRNA_HG,True
1519,Mirg,Mir134,MiRNA_HG,True
1520,Nanos3,Mir181d,MiRNA_HG,True
1521,Nav1,Mir1231,MiRNA_HG,True
1523,Pde2a,Mir139,MiRNA_HG,True
1524,Pdlim7,Mir6945,MiRNA_HG,True
1526,Sh2b3,Mir7031,MiRNA_HG,True
1527,Tmem164,Mir652,MiRNA_HG,True
1528,Trpm3,Mir204,MiRNA_HG,True
1529,Ttll10,Mir429,MiRNA_HG,True
1531,Brca2,Brca2,HAT,True
1532,Cdyl,Cdyl,HAT,True
1533,Crebbp,Crebbp,HAT,True
1534,Gtf2b,Gtf2b,HAT,True
1535,Gtf3c4,Gtf3c4,HAT,True
1536,Hat1,Hat1,HAT,True
1537,Kat2a,Kat2a,HAT,True
1538,Kat2b,Kat2b,HAT,True
1539,Kat5,Kat5,HAT,True
1540,Kat6a,Kat6a,HAT,True
1541,Kat6b,Kat6b,HAT,True
1542,Kat7,Kat7,HAT,True
1543,Kat8,Kat8,HAT,True
1544,Kat14,Kat14,HAT,True
1545,Mcm3ap,Mcm3ap,HAT,True
1547,Mettl8,Mettl8,HAT,True
1548,Msl3,Msl3,HAT,True
1549,Naa40,Naa40,HAT,True
1550,Naa50,Naa50,HAT,True
1551,Naa60,Naa60,HAT,True
1552,Nat8f3,Nat8f3,HAT,True
1553,Nat8f7,Nat8f7,HAT,True
1554,Ncoa1,Ncoa1,HAT,True
1555,Ncoa3,Ncoa3,HAT,True
1556,Oga,Oga,HAT,True
1557,Tada2a,Tada2a,HAT,True
1558,Taf1,Taf1,HAT,True
1559,Atxn3,Atxn3,HDAC,True
1560,Hdac1,Hdac1,HDAC,True
1561,Hdac2,Hdac2,HDAC,True
1562,Hdac3,Hdac3,HDAC,True
1563,Hdac4,Hdac4,HDAC,True
1564,Hdac5,Hdac5,HDAC,True
1565,Hdac6,Hdac6,HDAC,True
1566,Hdac7,Hdac7,HDAC,True
1567,Hdac8,Hdac8,HDAC,True
1568,Hdac9,Hdac9,HDAC,True
1569,Hdac10,Hdac10,HDAC,True
1570,Hdac11,Hdac11,HDAC,True
1571,Mier1,Mier1,HDAC,True
1572,Mier2,Mier2,HDAC,True
1573,Mta2,Mta2,HDAC,True
1574,Sirt1,Sirt1,HDAC,True
1575,Sirt2,Sirt2,HDAC,True
1576,Sirt3,Sirt3,HDAC,True
1577,Sirt6,Sirt6,HDAC,True
1578,Sirt7,Sirt7,HDAC,True
1579,Suds3,Suds3,HDAC,True
1580,Ash1l,Ash1l,HMT,True
1581,Ash2l,Ash2l,HMT,True
1582,Carm1,Carm1,HMT,True
1583,Cxxc1,Cxxc1,HMT,True
1584,Dot1l,Dot1l,HMT,True
1585,Eed,Eed,HMT,True
1586,Ehmt1,Ehmt1,HMT,True
1587,Ehmt2,Ehmt2,HMT,True
1588,Ezh1,Ezh1,HMT,True
1589,Ezh2,Ezh2,HMT,True
1590,Fbl,Fbl,HMT,True
1591,Fbll1,Fbll1,HMT,True
1592,Jarid2,Jarid2,HMT,True
1593,Kmt2a,Kmt2a,HMT,True
1594,Kmt2b,Kmt2b,HMT,True
1595,Kmt2c,Kmt2c,HMT,True
1596,Kmt5a,Kmt5a,HMT,True
1597,Kmt5b,Kmt5b,HMT,True
1598,Kmt5c,Kmt5c,HMT,True
1599,Mettl23,Mettl23,HMT,True
1600,N6amt1,N6amt1,HMT,True
1601,Nsd1,Nsd1,HMT,True
1602,Nsd2,Nsd2,HMT,True
1603,Nsd3,Nsd3,HMT,True
1604,Ntmt1,Ntmt1,HMT,True
1605,Prdm6,Prdm6,HMT,True
1606,Prdm8,Prdm8,HMT,True
1607,Prdm9,Prdm9,HMT,True
1608,Prdm13,Prdm13,HMT,True
1609,Prmt1,Prmt1,HMT,True
1610,Prmt2,Prmt2,HMT,True
1611,Prmt5,Prmt5,HMT,True
1612,Prmt6,Prmt6,HMT,True
1613,Prmt7,Prmt7,HMT,True
1614,Prmt8,Prmt8,HMT,True
1615,Rbbp5,Rbbp5,HMT,True
1616,Setbp1,Setbp1,HMT,True
1617,Setd1a,Setd1a,HMT,True
1618,Setd1b,Setd1b,HMT,True
1619,Setd2,Setd2,HMT,True
1620,Setd3,Setd3,HMT,True
1621,Setd4,Setd4,HMT,True
1622,Setd5,Setd5,HMT,True
1623,Setd7,Setd7,HMT,True
1624,Setdb1,Setdb1,HMT,True
1625,Setdb2,Setdb2,HMT,True
1626,Setmar,Setmar,HMT,True
1627,Smyd1,Smyd1,HMT,True
1628,Smyd2,Smyd2,HMT,True
1629,Smyd3,Smyd3,HMT,True
1630,Smyd5,Smyd5,HMT,True
1631,Suv39h1,Suv39h1,HMT,True
1632,Suv39h2,Suv39h2,HMT,True
1633,Fbxl19,Fbxl19,HDM,True
1634,Hr,Hr,HDM,True
1636,Jmjd1c,Jmjd1c,HDM,True
1637,Jmjd6,Jmjd6,HDM,True
1638,Kdm1a,Kdm1a,HDM,True
1639,Kdm1b,Kdm1b,HDM,True
1640,Kdm2a,Kdm2a,HDM,True
1641,Kdm2b,Kdm2b,HDM,True
1642,Kdm3a,Kdm3a,HDM,True
1643,Kdm3b,Kdm3b,HDM,True
1644,Kdm4a,Kdm4a,HDM,True
1645,Kdm4b,Kdm4b,HDM,True
1646,Kdm4c,Kdm4c,HDM,True
1647,Kdm4d,Kdm4d,HDM,True
1648,Kdm4dl,Kdm4dl,HDM,True
1649,Kdm5a,Kdm5a,HDM,True
1650,Kdm5b,Kdm5b,HDM,True
1651,Kdm5c,Kdm5c,HDM,True
1652,Kdm5d,Kdm5d,HDM,True
1653,Kdm6a,Kdm6a,HDM,True
1654,Kdm6b,Kdm6b,HDM,True
1655,Kdm7a,Kdm7a,HDM,True
1656,Kdm8,Kdm8,HDM,True
1657,Phf2,Phf2,HDM,True
1658,Phf8,Phf8,HDM,True
1659,Bclaf1,Bclaf1,Mediator,True
1660,Bclaf3,Bclaf3,Mediator,True
1661,Ccnc,Ccnc,Mediator,True
1662,Cdk4,Cdk4,Mediator,True
1663,Cdk6,Cdk6,Mediator,True
1664,Cdk8,Cdk8,Mediator,True
1665,Cdk9,Cdk9,Mediator,True
1666,Cdk19,Cdk19,Mediator,True
1667,Gm20517,Gm20517,Mediator,True
1668,Med1,Med1,Mediator,True
1669,Med4,Med4,Mediator,True
1670,Med6,Med6,Mediator,True
1671,Med7,Med7,Mediator,True
1672,Med8,Med8,Mediator,True
1673,Med9,Med9,Mediator,True
1674,Med10,Med10,Mediator,True
1675,Med11,Med11,Mediator,True
1676,Med12,Med12,Mediator,True
1677,Med12l,Med12l,Mediator,True
1678,Med13,Med13,Mediator,True
1679,Med13l,Med13l,Mediator,True
1680,Med14,Med14,Mediator,True
1681,Med15,Med15,Mediator,True
1682,Med16,Med16,Mediator,True
1683,Med17,Med17,Mediator,True
1684,Med18,Med18,Mediator,True
1685,Med19,Med19,Mediator,True
1686,Med20,Med20,Mediator,True
1687,Med21,Med21,Mediator,True
1688,Med22,Med22,Mediator,True
1689,Med23,Med23,Mediator,True
1690,Med24,Med24,Mediator,True
1691,Med25,Med25,Mediator,True
1692,Med26,Med26,Mediator,True
1693,Med27,Med27,Mediator,True
1694,Med28,Med28,Mediator,True
1695,Med29,Med29,Mediator,True
1696,Med30,Med30,Mediator,True
1697,Med31,Med31,Mediator,True
1698,Ppargc1b,Ppargc1b,Mediator,True
1699,Thrap3,Thrap3,Mediator,True
1700,Atf7ip,Atf7ip,TAF,True
1702,Bdp1,Bdp1,TAF,True
1703,Brf1,Brf1,TAF,True
1704,Brf2,Brf2,TAF,True
1705,Cand1,Cand1,TAF,True
1706,Cavin1,Cavin1,TAF,True
1707,Ccnh,Ccnh,TAF,True
1708,Cdk7,Cdk7,TAF,True
1709,Crcp,Crcp,TAF,True
1710,Ctnnbip1,Ctnnbip1,TAF,True
1711,Dhx36,Dhx36,TAF,True
1712,Dr1,Dr1,TAF,True
1713,Elob,Elob,TAF,True
1714,Eloc,Eloc,TAF,True
1715,Ercc1,Ercc1,TAF,True
1716,Ercc3,Ercc3,TAF,True
1717,Ercc6,Ercc6,TAF,True
1718,Gtf2a1,Gtf2a1,TAF,True
1719,Gtf2a1l,Gtf2a1l,TAF,True
1720,Gtf2a2,Gtf2a2,TAF,True
1722,Gtf2e1,Gtf2e1,TAF,True
1723,Gtf2e2,Gtf2e2,TAF,True
1724,Gtf2f1,Gtf2f1,TAF,True
1725,Gtf2f2,Gtf2f2,TAF,True
1726,Gtf2h5,Gtf2h5,TAF,True
1727,Gtf3c1,Gtf3c1,TAF,True
1729,Gtf3c5,Gtf3c5,TAF,True
1730,Hmgb1,Hmgb1,TAF,True
1731,Lipe,Lipe,TAF,True
1760,Morc1,Morc1,TAF,True
1761,Mterf1b,Mterf1b,TAF,True
1762,Ncoa6,Ncoa6,TAF,True
1763,Paxip1,Paxip1,TAF,True
1764,Polr1e,Polr1e,TAF,True
1765,Polr1f,Polr1f,TAF,True
1766,Polr2d,Polr2d,TAF,True
1767,Polr2g,Polr2g,TAF,True
1768,Polr2i,Polr2i,TAF,True
1769,Polr3h,Polr3h,TAF,True
1770,Polrmt,Polrmt,TAF,True
1771,Psmc6,Psmc6,TAF,True
1772,Pwwp2a,Pwwp2a,TAF,True
1773,Rrn3,Rrn3,TAF,True
1774,Rsf1,Rsf1,TAF,True
1775,Setx,Setx,TAF,True
1776,Smarca5,Smarca5,TAF,True
1777,Snapc5,Snapc5,TAF,True
1778,Sub1,Sub1,TAF,True
1780,Taf1b,Taf1b,TAF,True
1781,Taf2,Taf2,TAF,True
1782,Taf3,Taf3,TAF,True
1783,Taf4,Taf4,TAF,True
1784,Taf4b,Taf4b,TAF,True
1785,Taf5,Taf5,TAF,True
1786,Taf6,Taf6,TAF,True
1787,Taf6l,Taf6l,TAF,True
1788,Taf7,Taf7,TAF,True
1789,Taf7l,Taf7l,TAF,True
1790,Taf7l2,Taf7l2,TAF,True
1791,Taf8,Taf8,TAF,True
1792,Taf9,Taf9,TAF,True
1793,Taf9b,Taf9b,TAF,True
1794,Taf10,Taf10,TAF,True
1795,Taf11,Taf11,TAF,True
1796,Taf12,Taf12,TAF,True
1797,Taf13,Taf13,TAF,True
1798,Tbp,Tbp,TAF,True
1799,Tbpl1,Tbpl1,TAF,True
1800,Tbpl2,Tbpl2,TAF,True
1801,Ttf1,Ttf1,TAF,True
1802,Ubtf,Ubtf,TAF,True
1803,Wnt10b,Wnt10b,TAF,True
1804,Xpa,Xpa,TAF,True
1805,Zfp451,Zfp451,TAF,True
1806,Actl6a,Actl6a,Chromatin_binding,True
1807,Actl6b,Actl6b,Chromatin_binding,True
1808,Actn4,Actn4,Chromatin_binding,True
1809,Actr6,Actr6,Chromatin_binding,True
1810,Actrt1,Actrt1,Chromatin_binding,True
1811,Adnp,Adnp,Chromatin_binding,True
1812,Aire,Aire,Chromatin_binding,True
1813,Ajuba,Ajuba,Chromatin_binding,True
1814,Akap8,Akap8,Chromatin_binding,True
1815,Ankrd2,Ankrd2,Chromatin_binding,True
1816,Ankrd17,Ankrd17,Chromatin_binding,True
1817,Apbb1,Apbb1,Chromatin_binding,True
1818,Apex1,Apex1,Chromatin_binding,True
1819,App,App,Chromatin_binding,True
1820,Aptx,Aptx,Chromatin_binding,True
1821,Arid1a,Arid1a,Chromatin_binding,True
1822,Arid1b,Arid1b,Chromatin_binding,True
1823,Arid3a,Arid3a,Chromatin_binding,True
1824,Arid5a,Arid5a,Chromatin_binding,True
1825,Asf1a,Asf1a,Chromatin_binding,True
1827,Asxl1,Asxl1,Chromatin_binding,True
1828,Asxl2,Asxl2,Chromatin_binding,True
1829,Asxl3,Asxl3,Chromatin_binding,True
1830,Atad2,Atad2,Chromatin_binding,True
1831,Atad2b,Atad2b,Chromatin_binding,True
1832,Atrx,Atrx,Chromatin_binding,True
1833,Atxn1,Atxn1,Chromatin_binding,True
1834,Atxn7,Atxn7,Chromatin_binding,True
1835,Auts2,Auts2,Chromatin_binding,True
1836,Bahcc1,Bahcc1,Chromatin_binding,True
1837,Bahd1,Bahd1,Chromatin_binding,True
1838,Bap1,Bap1,Chromatin_binding,True
1839,Bcas3,Bcas3,Chromatin_binding,True
1840,Bend6,Bend6,Chromatin_binding,True
1841,Bmi1,Bmi1,Chromatin_binding,True
1842,Brca1,Brca1,Chromatin_binding,True
1843,Brd2,Brd2,Chromatin_binding,True
1844,Brd3,Brd3,Chromatin_binding,True
1845,Brd4,Brd4,Chromatin_binding,True
1846,Brip1,Brip1,Chromatin_binding,True
1847,Cabin1,Cabin1,Chromatin_binding,True
1848,Calcoco1,Calcoco1,Chromatin_binding,True
1849,Camta2,Camta2,Chromatin_binding,True
1850,Cbfa2t3,Cbfa2t3,Chromatin_binding,True
1851,Cbx1,Cbx1,Chromatin_binding,True
1852,Cbx2,Cbx2,Chromatin_binding,True
1853,Cbx3,Cbx3,Chromatin_binding,True
1854,Cbx4,Cbx4,Chromatin_binding,True
1855,Cbx5,Cbx5,Chromatin_binding,True
1856,Cbx7,Cbx7,Chromatin_binding,True
1857,Cbx8,Cbx8,Chromatin_binding,True
1858,Ccnt1,Ccnt1,Chromatin_binding,True
1859,Ccnt2,Ccnt2,Chromatin_binding,True
1860,Cdc6,Cdc6,Chromatin_binding,True
1861,Cdc45,Cdc45,Chromatin_binding,True
1862,Cdk1,Cdk1,Chromatin_binding,True
1864,Cdt1,Cdt1,Chromatin_binding,True
1866,Cenpb,Cenpb,Chromatin_binding,True
1867,Cenps,Cenps,Chromatin_binding,True
1868,Cgas,Cgas,Chromatin_binding,True
1869,Chd1,Chd1,Chromatin_binding,True
1870,Chd1l,Chd1l,Chromatin_binding,True
1871,Chd2,Chd2,Chromatin_binding,True
1872,Chd3,Chd3,Chromatin_binding,True
1873,Chd4,Chd4,Chromatin_binding,True
1874,Chd5,Chd5,Chromatin_binding,True
1875,Chd6,Chd6,Chromatin_binding,True
1876,Chd7,Chd7,Chromatin_binding,True
1877,Chd8,Chd8,Chromatin_binding,True
1878,Cited1,Cited1,Chromatin_binding,True
1879,Cited2,Cited2,Chromatin_binding,True
1880,Cks2,Cks2,Chromatin_binding,True
1881,Coq7,Coq7,Chromatin_binding,True
1882,Cramp1,Cramp1,Chromatin_binding,True
1884,Crtc2,Crtc2,Chromatin_binding,True
1885,Csnk2b,Csnk2b,Chromatin_binding,True
1886,Ctbp1,Ctbp1,Chromatin_binding,True
1887,Ctbp2,Ctbp2,Chromatin_binding,True
1888,Ctnnb1,Ctnnb1,Chromatin_binding,True
1889,Cys1,Cys1,Chromatin_binding,True
1890,Ddx1,Ddx1,Chromatin_binding,True
1891,Ddx5,Ddx5,Chromatin_binding,True
1892,Ddx11,Ddx11,Chromatin_binding,True
1893,Ddx17,Ddx17,Chromatin_binding,True
1894,Dhx9,Dhx9,Chromatin_binding,True
1895,Dhx30,Dhx30,Chromatin_binding,True
1896,Dnajc2,Dnajc2,Chromatin_binding,True
1897,Dnmt1,Dnmt1,Chromatin_binding,True
1898,Dnmt3a,Dnmt3a,Chromatin_binding,True
1899,Dnmt3b,Dnmt3b,Chromatin_binding,True
1900,Dnttip1,Dnttip1,Chromatin_binding,True
1901,Dppa2,Dppa2,Chromatin_binding,True
1902,Dppa4,Dppa4,Chromatin_binding,True
1903,Ecsit,Ecsit,Chromatin_binding,True
1905,Egfr,Egfr,Chromatin_binding,True
1907,Eny2,Eny2,Chromatin_binding,True
1908,Ep400,Ep400,Chromatin_binding,True
1909,Epop,Epop,Chromatin_binding,True
1912,Ercc4,Ercc4,Chromatin_binding,True
1914,Evx1os,Evx1os,Chromatin_binding,True
1915,Exo1,Exo1,Chromatin_binding,True
1916,Eya3,Eya3,Chromatin_binding,True
1919,Faap24,Faap24,Chromatin_binding,True
1920,Fabp1,Fabp1,Chromatin_binding,True
1921,Fancm,Fancm,Chromatin_binding,True
1922,Fcor,Fcor,Chromatin_binding,True
1923,Fmr1,Fmr1,Chromatin_binding,True
1924,Fus,Fus,Chromatin_binding,True
1925,Gadd45a,Gadd45a,Chromatin_binding,True
1926,Glyr1,Glyr1,Chromatin_binding,True
1927,Gm20379,Gm20379,Chromatin_binding,True
1928,Gmnc,Gmnc,Chromatin_binding,True
1929,Gper1,Gper1,Chromatin_binding,True
1930,Grwd1,Grwd1,Chromatin_binding,True
1933,Gtf2h1,Gtf2h1,Chromatin_binding,True
1934,H1f0,H1f0,Chromatin_binding,True
1935,H1f1,H1f1,Chromatin_binding,True
1936,H1f2,H1f2,Chromatin_binding,True
1937,H1f3,H1f3,Chromatin_binding,True
1938,H1f4,H1f4,Chromatin_binding,True
1939,H1f5,H1f5,Chromatin_binding,True
1940,H1f6,H1f6,Chromatin_binding,True
1941,H1f8,H1f8,Chromatin_binding,True
1942,H1f9,H1f9,Chromatin_binding,True
1943,H1f10,H1f10,Chromatin_binding,True
1944,H2az1,H2az1,Chromatin_binding,True
1945,H3c14,H3c14,Chromatin_binding,True
1946,H3f3a,H3f3a,Chromatin_binding,True
1947,H3f3b,H3f3b,Chromatin_binding,True
1948,Hcfc1,Hcfc1,Chromatin_binding,True
1956,Hdgfl2,Hdgfl2,Chromatin_binding,True
1957,Hdgfl3,Hdgfl3,Chromatin_binding,True
1958,Hells,Hells,Chromatin_binding,True
1959,Hira,Hira,Chromatin_binding,True
1960,Hmga1,Hmga1,Chromatin_binding,True
1961,Hmga2,Hmga2,Chromatin_binding,True
1962,Hmgn1,Hmgn1,Chromatin_binding,True
1963,Hmgn2,Hmgn2,Chromatin_binding,True
1964,Hmgn3,Hmgn3,Chromatin_binding,True
1965,Hmgn5,Hmgn5,Chromatin_binding,True
1966,Hnrnpd,Hnrnpd,Chromatin_binding,True
1967,Hnrnpu,Hnrnpu,Chromatin_binding,True
1968,Hp1bp3,Hp1bp3,Chromatin_binding,True
1969,Hpf1,Hpf1,Chromatin_binding,True
1971,Ift74,Ift74,Chromatin_binding,True
1972,Ing2,Ing2,Chromatin_binding,True
1973,Ing5,Ing5,Chromatin_binding,True
1980,Kcnq1ot1,Kcnq1ot1,Chromatin_binding,True
1990,Klhdc3,Klhdc3,Chromatin_binding,True
1994,L3mbtl1,L3mbtl1,Chromatin_binding,True
1995,L3mbtl2,L3mbtl2,Chromatin_binding,True
1996,L3mbtl3,L3mbtl3,Chromatin_binding,True
1997,L3mbtl4,L3mbtl4,Chromatin_binding,True
1998,Lcor,Lcor,Chromatin_binding,True
1999,Ldb1,Ldb1,Chromatin_binding,True
2000,Lemd2,Lemd2,Chromatin_binding,True
2001,Lemd3,Lemd3,Chromatin_binding,True
2002,Lmo2,Lmo2,Chromatin_binding,True
2003,Lrwd1,Lrwd1,Chromatin_binding,True
2004,Macroh2a1,Macroh2a1,Chromatin_binding,True
2005,Macroh2a2,Macroh2a2,Chromatin_binding,True
2006,Mapk15,Mapk15,Chromatin_binding,True
2007,Mbd1,Mbd1,Chromatin_binding,True
2008,Mbd2,Mbd2,Chromatin_binding,True
2009,Mbd3,Mbd3,Chromatin_binding,True
2010,Mbd5,Mbd5,Chromatin_binding,True
2011,Mbd6,Mbd6,Chromatin_binding,True
2012,Mbtd1,Mbtd1,Chromatin_binding,True
2014,Mcm8,Mcm8,Chromatin_binding,True
2015,Mcm9,Mcm9,Chromatin_binding,True
2016,Mcmbp,Mcmbp,Chromatin_binding,True
2019,Meiob,Meiob,Chromatin_binding,True
2020,Mexis,Mexis,Chromatin_binding,True
2021,Mir208b,Mir208b,Chromatin_binding,True
2022,Mkrn1,Mkrn1,Chromatin_binding,True
2023,Mlh1,Mlh1,Chromatin_binding,True
2024,Mlh3,Mlh3,Chromatin_binding,True
2025,Mllt3,Mllt3,Chromatin_binding,True
2026,Mllt6,Mllt6,Chromatin_binding,True
2027,Mllt10,Mllt10,Chromatin_binding,True
2028,Morc2a,Morc2a,Chromatin_binding,True
2029,Morc2b,Morc2b,Chromatin_binding,True
2030,Morf4l1,Morf4l1,Chromatin_binding,True
2031,Mphosph8,Mphosph8,Chromatin_binding,True
2032,Mrnip,Mrnip,Chromatin_binding,True
2033,Msh2,Msh2,Chromatin_binding,True
2034,Msh6,Msh6,Chromatin_binding,True
2035,Msl1,Msl1,Chromatin_binding,True
2036,Mta1,Mta1,Chromatin_binding,True
2038,Mta3,Mta3,Chromatin_binding,True
2039,Nap1l1,Nap1l1,Chromatin_binding,True
2040,Nap1l2,Nap1l2,Chromatin_binding,True
2041,Nap1l3,Nap1l3,Chromatin_binding,True
2042,Nap1l4,Nap1l4,Chromatin_binding,True
2043,Nap1l5,Nap1l5,Chromatin_binding,True
2044,Ncaph,Ncaph,Chromatin_binding,True
2045,Ncaph2,Ncaph2,Chromatin_binding,True
2047,Ncoa2,Ncoa2,Chromatin_binding,True
2049,Ncoa5,Ncoa5,Chromatin_binding,True
2051,Ncor1,Ncor1,Chromatin_binding,True
2052,Ncor2,Ncor2,Chromatin_binding,True
2053,Nelfa,Nelfa,Chromatin_binding,True
2054,Nelfe,Nelfe,Chromatin_binding,True
2055,Nipbl,Nipbl,Chromatin_binding,True
2056,Nkap,Nkap,Chromatin_binding,True
2057,Nkapl,Nkapl,Chromatin_binding,True
2058,Noc2l,Noc2l,Chromatin_binding,True
2059,Noc3l,Noc3l,Chromatin_binding,True
2060,Nono,Nono,Chromatin_binding,True
2061,Notch1,Notch1,Chromatin_binding,True
2062,Npm1,Npm1,Chromatin_binding,True
2063,Npm2,Npm2,Chromatin_binding,True
2064,Npm3,Npm3,Chromatin_binding,True
2067,Nucks1,Nucks1,Chromatin_binding,True
2068,Nudt21,Nudt21,Chromatin_binding,True
2069,Nup98,Nup98,Chromatin_binding,True
2070,Nup153,Nup153,Chromatin_binding,True
2071,Nupr1,Nupr1,Chromatin_binding,True
2072,Obi1,Obi1,Chromatin_binding,True
2073,Ogt,Ogt,Chromatin_binding,True
2074,Orc1,Orc1,Chromatin_binding,True
2075,Paf1,Paf1,Chromatin_binding,True
2076,Parg,Parg,Chromatin_binding,True
2077,Parp1,Parp1,Chromatin_binding,True
2078,Parp2,Parp2,Chromatin_binding,True
2079,Paupar,Paupar,Chromatin_binding,True
2080,Pbrm1,Pbrm1,Chromatin_binding,True
2081,Pcgf1,Pcgf1,Chromatin_binding,True
2082,Pcgf2,Pcgf2,Chromatin_binding,True
2083,Pclaf,Pclaf,Chromatin_binding,True
2084,Pcna,Pcna,Chromatin_binding,True
2085,Pelp1,Pelp1,Chromatin_binding,True
2086,Per1,Per1,Chromatin_binding,True
2087,Phc1,Phc1,Chromatin_binding,True
2088,Phc2,Phc2,Chromatin_binding,True
2089,Phc3,Phc3,Chromatin_binding,True
2090,Phf1,Phf1,Chromatin_binding,True
2092,Phf13,Phf13,Chromatin_binding,True
2093,Phf19,Phf19,Chromatin_binding,True
2094,Phf21a,Phf21a,Chromatin_binding,True
2095,Pkn1,Pkn1,Chromatin_binding,True
2096,Plac8,Plac8,Chromatin_binding,True
2097,Pola1,Pola1,Chromatin_binding,True
2098,Pold1,Pold1,Chromatin_binding,True
2099,Pole,Pole,Chromatin_binding,True
2100,Pole3,Pole3,Chromatin_binding,True
2101,Polg,Polg,Chromatin_binding,True
2102,Polq,Polq,Chromatin_binding,True
2103,Polr1a,Polr1a,Chromatin_binding,True
2104,Polr2a,Polr2a,Chromatin_binding,True
2105,Polr2b,Polr2b,Chromatin_binding,True
2106,Polr3a,Polr3a,Chromatin_binding,True
2107,Polr3d,Polr3d,Chromatin_binding,True
2108,Polr3g,Polr3g,Chromatin_binding,True
2109,Polr3gl,Polr3gl,Chromatin_binding,True
2110,Ppargc1a,Ppargc1a,Chromatin_binding,True
2111,Ppp2r3d,Ppp2r3d,Chromatin_binding,True
2113,Prdm11,Prdm11,Chromatin_binding,True
2115,Prdm15,Prdm15,Chromatin_binding,True
2116,Primpol,Primpol,Chromatin_binding,True
2117,Prkaa1,Prkaa1,Chromatin_binding,True
2118,Prkaa2,Prkaa2,Chromatin_binding,True
2119,Prkcb,Prkcb,Chromatin_binding,True
2122,Psip1,Psip1,Chromatin_binding,True
2123,Pus1,Pus1,Chromatin_binding,True
2125,Pwwp3a,Pwwp3a,Chromatin_binding,True
2126,Pygo2,Pygo2,Chromatin_binding,True
2127,Rad17,Rad17,Chromatin_binding,True
2128,Rad21,Rad21,Chromatin_binding,True
2129,Rad21l,Rad21l,Chromatin_binding,True
2130,Rad51,Rad51,Chromatin_binding,True
2131,Rag2,Rag2,Chromatin_binding,True
2132,Rbl1,Rbl1,Chromatin_binding,True
2133,Rbl2,Rbl2,Chromatin_binding,True
2134,Rbmx,Rbmx,Chromatin_binding,True
2135,Rbmxl1,Rbmxl1,Chromatin_binding,True
2136,Rcc1,Rcc1,Chromatin_binding,True
2137,Rcor1,Rcor1,Chromatin_binding,True
2138,Rec8,Rec8,Chromatin_binding,True
2139,Repin1,Repin1,Chromatin_binding,True
2140,Rere,Rere,Chromatin_binding,True
2141,Rfpl4b,Rfpl4b,Chromatin_binding,True
2142,Ring1,Ring1,Chromatin_binding,True
2143,Rit2,Rit2,Chromatin_binding,True
2144,Rnf2,Rnf2,Chromatin_binding,True
2145,Rnf4,Rnf4,Chromatin_binding,True
2146,Rnf8,Rnf8,Chromatin_binding,True
2147,Rnf20,Rnf20,Chromatin_binding,True
2148,Rnf168,Rnf168,Chromatin_binding,True
2149,Rnf169,Rnf169,Chromatin_binding,True
2150,Rpa1,Rpa1,Chromatin_binding,True
2151,Ruvbl2,Ruvbl2,Chromatin_binding,True
2152,Safb,Safb,Chromatin_binding,True
2153,Samd1,Samd1,Chromatin_binding,True
2154,Samd7,Samd7,Chromatin_binding,True
2155,Samd11,Samd11,Chromatin_binding,True
2156,Samd13,Samd13,Chromatin_binding,True
2157,Sap30l,Sap30l,Chromatin_binding,True
2158,Sarnp,Sarnp,Chromatin_binding,True
2159,Sbno1,Sbno1,Chromatin_binding,True
2160,Sbno2,Sbno2,Chromatin_binding,True
2161,Scmh1,Scmh1,Chromatin_binding,True
2162,Scml2,Scml2,Chromatin_binding,True
2163,Scml4,Scml4,Chromatin_binding,True
2164,Set,Set,Chromatin_binding,True
2167,Sf3b1,Sf3b1,Chromatin_binding,True
2168,Sfmbt1,Sfmbt1,Chromatin_binding,True
2169,Sfmbt2,Sfmbt2,Chromatin_binding,True
2170,Sfpq,Sfpq,Chromatin_binding,True
2171,Shmt2,Shmt2,Chromatin_binding,True
2172,Sin3a,Sin3a,Chromatin_binding,True
2173,Sin3b,Sin3b,Chromatin_binding,True
2178,Slc30a9,Slc30a9,Chromatin_binding,True
2179,Smad6,Smad6,Chromatin_binding,True
2180,Smarca1,Smarca1,Chromatin_binding,True
2181,Smarca2,Smarca2,Chromatin_binding,True
2182,Smarca4,Smarca4,Chromatin_binding,True
2184,Smarcad1,Smarcad1,Chromatin_binding,True
2185,Smarcc1,Smarcc1,Chromatin_binding,True
2186,Smarcc2,Smarcc2,Chromatin_binding,True
2187,Smarcd1,Smarcd1,Chromatin_binding,True
2188,Smarcd3,Smarcd3,Chromatin_binding,True
2189,Smc1a,Smc1a,Chromatin_binding,True
2190,Smc2,Smc2,Chromatin_binding,True
2191,Smc3,Smc3,Chromatin_binding,True
2192,Smc4,Smc4,Chromatin_binding,True
2193,Ssbp1,Ssbp1,Chromatin_binding,True
2194,Ssrp1,Ssrp1,Chromatin_binding,True
2195,Stag1,Stag1,Chromatin_binding,True
2196,Stag2,Stag2,Chromatin_binding,True
2197,Stag3,Stag3,Chromatin_binding,True
2198,Stpg4,Stpg4,Chromatin_binding,True
2199,Supt5,Supt5,Chromatin_binding,True
2200,Supt6,Supt6,Chromatin_binding,True
2201,Supt16,Supt16,Chromatin_binding,True
2203,Suz12,Suz12,Chromatin_binding,True
2204,Svep1,Svep1,Chromatin_binding,True
2206,Tada2b,Tada2b,Chromatin_binding,True
2211,Tasor,Tasor,Chromatin_binding,True
2212,Tbl1x,Tbl1x,Chromatin_binding,True
2213,Tcf7l1,Tcf7l1,Chromatin_binding,True
2214,Tdrd3,Tdrd3,Chromatin_binding,True
2215,Ticrr,Ticrr,Chromatin_binding,True
2216,Tle1,Tle1,Chromatin_binding,True
2217,Tnrc18,Tnrc18,Chromatin_binding,True
2218,Top1,Top1,Chromatin_binding,True
2219,Top2a,Top2a,Chromatin_binding,True
2220,Top2b,Top2b,Chromatin_binding,True
2221,Tox,Tox,Chromatin_binding,True
2222,Tox2,Tox2,Chromatin_binding,True
2223,Tox3,Tox3,Chromatin_binding,True
2224,Tox4,Tox4,Chromatin_binding,True
2225,Tpr,Tpr,Chromatin_binding,True
2226,Trim24,Trim24,Chromatin_binding,True
2227,Trim28,Trim28,Chromatin_binding,True
2228,Trim33,Trim33,Chromatin_binding,True
2229,Trim37,Trim37,Chromatin_binding,True
2230,Trim66,Trim66,Chromatin_binding,True
2231,Tshz3,Tshz3,Chromatin_binding,True
2232,Tspyl1,Tspyl1,Chromatin_binding,True
2233,Tspyl2,Tspyl2,Chromatin_binding,True
2234,Tspyl3,Tspyl3,Chromatin_binding,True
2235,Tspyl4,Tspyl4,Chromatin_binding,True
2236,Tspyl5,Tspyl5,Chromatin_binding,True
2237,Ttc5,Ttc5,Chromatin_binding,True
2238,Ttc21b,Ttc21b,Chromatin_binding,True
2239,Ttc39aos1,Ttc39aos1,Chromatin_binding,True
2241,Twist2,Twist2,Chromatin_binding,True
2242,Ube2t,Ube2t,Chromatin_binding,True
2244,Upf1,Upf1,Chromatin_binding,True
2245,Uri1,Uri1,Chromatin_binding,True
2246,Usp3,Usp3,Chromatin_binding,True
2247,Usp51,Usp51,Chromatin_binding,True
2248,Uty,Uty,Chromatin_binding,True
2249,Uxt,Uxt,Chromatin_binding,True
2250,Wac,Wac,Chromatin_binding,True
2251,Wbp2,Wbp2,Chromatin_binding,True
2252,Wbp2nl,Wbp2nl,Chromatin_binding,True
2253,Wdhd1,Wdhd1,Chromatin_binding,True
2254,Wdr13,Wdr13,Chromatin_binding,True
2255,Wdr82,Wdr82,Chromatin_binding,True
2256,Wrn,Wrn,Chromatin_binding,True
2257,Yap1,Yap1,Chromatin_binding,True
2258,Ybx1,Ybx1,Chromatin_binding,True
2259,Ybx2,Ybx2,Chromatin_binding,True
2260,Zc3h4,Zc3h4,Chromatin_binding,True
2261,Zc3h12a,Zc3h12a,Chromatin_binding,True
2262,Zfp110,Zfp110,Chromatin_binding,True
2263,Zfp125,Zfp125,Chromatin_binding,True
2264,Zfp276,Zfp276,Chromatin_binding,True
2265,Zfp369,Zfp369,Chromatin_binding,True
2266,Zfp609,Zfp609,Chromatin_binding,True
2267,Zfx,Zfx,Chromatin_binding,True
2268,Zic2,Zic2,Chromatin_binding,True
2269,Zkscan3,Zkscan3,Chromatin_binding,True
2270,Znhit1,Znhit1,Chromatin_binding,True
2271,0610010K14Rik,0610010K14Rik,Chromatin_organization,True
2272,4930402K13Rik,4930402K13Rik,Chromatin_organization,True
2273,4930480E11Rik,4930480E11Rik,Chromatin_organization,True
2274,a,a,Chromatin_organization,True
2275,Abraxas1,Abraxas1,Chromatin_organization,True
2276,Actb,Actb,Chromatin_organization,True
2279,Actr5,Actr5,Chromatin_organization,True
2281,Actr8,Actr8,Chromatin_organization,True
2282,Aicda,Aicda,Chromatin_organization,True
2283,Airn,Airn,Chromatin_organization,True
2284,Alkbh4,Alkbh4,Chromatin_organization,True
2285,Anp32b,Anp32b,Chromatin_organization,True
2286,Anp32e,Anp32e,Chromatin_organization,True
2288,Aplf,Aplf,Chromatin_organization,True
2289,Apobec1,Apobec1,Chromatin_organization,True
2292,Arid2,Arid2,Chromatin_organization,True
2293,Arid4a,Arid4a,Chromatin_organization,True
2294,Arid4b,Arid4b,Chromatin_organization,True
2296,Asf1b,Asf1b,Chromatin_organization,True
2302,Atf7ip2,Atf7ip2,Chromatin_organization,True
2304,Atxn7l3,Atxn7l3,Chromatin_organization,True
2305,Axin1,Axin1,Chromatin_organization,True
2306,Babam1,Babam1,Chromatin_organization,True
2307,Babam2,Babam2,Chromatin_organization,True
2308,Bag6,Bag6,Chromatin_organization,True
2310,Banf1,Banf1,Chromatin_organization,True
2311,Banp,Banp,Chromatin_organization,True
2313,Baz1a,Baz1a,Chromatin_organization,True
2314,Baz1b,Baz1b,Chromatin_organization,True
2315,Baz2a,Baz2a,Chromatin_organization,True
2316,Bcl7a,Bcl7a,Chromatin_organization,True
2317,Bcl7b,Bcl7b,Chromatin_organization,True
2318,Bcl7c,Bcl7c,Chromatin_organization,True
2319,Bcor,Bcor,Chromatin_organization,True
2320,Bcorl1,Bcorl1,Chromatin_organization,True
2321,Bend3,Bend3,Chromatin_organization,True
2322,Bicra,Bicra,Chromatin_organization,True
2323,Bicral,Bicral,Chromatin_organization,True
2325,Bmncr,Bmncr,Chromatin_organization,True
2326,Bptf,Bptf,Chromatin_organization,True
2328,Brcc3,Brcc3,Chromatin_organization,True
2329,Brd1,Brd1,Chromatin_organization,True
2333,Brd7,Brd7,Chromatin_organization,True
2334,Brd8,Brd8,Chromatin_organization,True
2335,Brd9,Brd9,Chromatin_organization,True
2336,Brdt,Brdt,Chromatin_organization,True
2337,Brpf1,Brpf1,Chromatin_organization,True
2338,Brpf3,Brpf3,Chromatin_organization,True
2339,Bud23,Bud23,Chromatin_organization,True
2347,Cbx6,Cbx6,Chromatin_organization,True
2350,Cdan1,Cdan1,Chromatin_organization,True
2351,Cdk2,Cdk2,Chromatin_organization,True
2352,Cdkn1c,Cdkn1c,Chromatin_organization,True
2354,Cecr2,Cecr2,Chromatin_organization,True
2355,Cenpp,Cenpp,Chromatin_organization,True
2356,Cenpv,Cenpv,Chromatin_organization,True
2357,Cfdp1,Cfdp1,Chromatin_organization,True
2358,Cggbp1,Cggbp1,Chromatin_organization,True
2359,Chaer1,Chaer1,Chromatin_organization,True
2360,Chaf1a,Chaf1a,Chromatin_organization,True
2361,Chaf1b,Chaf1b,Chromatin_organization,True
2371,Chd9,Chd9,Chromatin_organization,True
2372,Chek1,Chek1,Chromatin_organization,True
2373,Chrac1,Chrac1,Chromatin_organization,True
2374,Coprs,Coprs,Chromatin_organization,True
2376,Ctr9,Ctr9,Chromatin_organization,True
2377,Dapk3,Dapk3,Chromatin_organization,True
2378,Daxx,Daxx,Chromatin_organization,True
2379,Dcaf1,Dcaf1,Chromatin_organization,True
2380,Ddx21,Ddx21,Chromatin_organization,True
2381,Ddx23,Ddx23,Chromatin_organization,True
2382,Dek,Dek,Chromatin_organization,True
2383,Dicer1,Dicer1,Chromatin_organization,True
2384,Dmap1,Dmap1,Chromatin_organization,True
2386,Dnajc9,Dnajc9,Chromatin_organization,True
2390,Dnmt3l,Dnmt3l,Chromatin_organization,True
2391,Dpf1,Dpf1,Chromatin_organization,True
2392,Dpf2,Dpf2,Chromatin_organization,True
2393,Dpf3,Dpf3,Chromatin_organization,True
2394,Dppa3,Dppa3,Chromatin_organization,True
2395,Dpy30,Dpy30,Chromatin_organization,True
2397,Dtx3l,Dtx3l,Chromatin_organization,True
2398,Dyrk1a,Dyrk1a,Chromatin_organization,True
2402,Eif1,Eif1,Chromatin_organization,True
2403,Emsy,Emsy,Chromatin_organization,True
2406,Epc1,Epc1,Chromatin_organization,True
2407,Epc2,Epc2,Chromatin_organization,True
2410,Exosc10,Exosc10,Chromatin_organization,True
2411,Eya1,Eya1,Chromatin_organization,True
2412,Eya2,Eya2,Chromatin_organization,True
2414,Eya4,Eya4,Chromatin_organization,True
2417,Fam47c,Fam47c,Chromatin_organization,True
2418,Fam47e,Fam47e,Chromatin_organization,True
2419,Fam50a,Fam50a,Chromatin_organization,True
2420,Fam50b,Fam50b,Chromatin_organization,True
2421,Fam172a,Fam172a,Chromatin_organization,True
2422,Flicr,Flicr,Chromatin_organization,True
2423,Fshr,Fshr,Chromatin_organization,True
2424,Ftx,Ftx,Chromatin_organization,True
2425,Gatad1,Gatad1,Chromatin_organization,True
2426,Gatad2a,Gatad2a,Chromatin_organization,True
2427,Gatad2b,Gatad2b,Chromatin_organization,True
2428,Glmn,Glmn,Chromatin_organization,True
2430,Gnas,Gnas,Chromatin_organization,True
2431,Gnasas1,Gnasas1,Chromatin_organization,True
2432,Gpx1,Gpx1,Chromatin_organization,True
2433,Gpx4,Gpx4,Chromatin_organization,True
2435,Gsk3a,Gsk3a,Chromatin_organization,True
2436,Gsk3b,Gsk3b,Chromatin_organization,True
2444,H1f7,H1f7,Chromatin_organization,True
2447,H2ac1,H2ac1,Chromatin_organization,True
2448,H2ac25,H2ac25,Chromatin_organization,True
2449,H2al2a,H2al2a,Chromatin_organization,True
2450,H2bc1,H2bc1,Chromatin_organization,True
2451,H2bc3,H2bc3,Chromatin_organization,True
2452,H2bc4,H2bc4,Chromatin_organization,True
2453,H2bc7,H2bc7,Chromatin_organization,True
2454,H2bc9,H2bc9,Chromatin_organization,True
2455,H2bc12,H2bc12,Chromatin_organization,True
2456,H2bc14,H2bc14,Chromatin_organization,True
2457,H2bc18,H2bc18,Chromatin_organization,True
2458,H2bc21,H2bc21,Chromatin_organization,True
2459,H2bc22,H2bc22,Chromatin_organization,True
2460,H2bc27,H2bc27,Chromatin_organization,True
2461,H2bl1,H2bl1,Chromatin_organization,True
2462,H2bw2,H2bw2,Chromatin_organization,True
2463,H3c2,H3c2,Chromatin_organization,True
2464,H3c3,H3c3,Chromatin_organization,True
2465,H3c4,H3c4,Chromatin_organization,True
2466,H3c6,H3c6,Chromatin_organization,True
2467,H3c7,H3c7,Chromatin_organization,True
2468,H3c13,H3c13,Chromatin_organization,True
2470,H3c15,H3c15,Chromatin_organization,True
2473,H3f3c,H3f3c,Chromatin_organization,True
2474,H4c14,H4c14,Chromatin_organization,True
2475,H19,H19,Chromatin_organization,True
2476,Haspin,Haspin,Chromatin_organization,True
2479,Hcfc2,Hcfc2,Chromatin_organization,True
2492,Hjurp,Hjurp,Chromatin_organization,True
2493,Hltf,Hltf,Chromatin_organization,True
2494,Hmg20a,Hmg20a,Chromatin_organization,True
2495,Hmg20b,Hmg20b,Chromatin_organization,True
2503,Hotair,Hotair,Chromatin_organization,True
2505,Hymai,Hymai,Chromatin_organization,True
2506,Ifi203,Ifi203,Chromatin_organization,True
2507,Ifi205,Ifi205,Chromatin_organization,True
2508,Ifi208,Ifi208,Chromatin_organization,True
2509,Ifi209,Ifi209,Chromatin_organization,True
2510,Ifi211,Ifi211,Chromatin_organization,True
2511,Ifi213,Ifi213,Chromatin_organization,True
2512,Ifi214,Ifi214,Chromatin_organization,True
2514,Ing3,Ing3,Chromatin_organization,True
2515,Ing4,Ing4,Chromatin_organization,True
2517,Ino80,Ino80,Chromatin_organization,True
2518,Ino80b,Ino80b,Chromatin_organization,True
2519,Ino80c,Ino80c,Chromatin_organization,True
2520,Ino80d,Ino80d,Chromatin_organization,True
2521,Ino80e,Ino80e,Chromatin_organization,True
2522,Itgb3bp,Itgb3bp,Chromatin_organization,True
2523,Jak2,Jak2,Chromatin_organization,True
2527,Jpx,Jpx,Chromatin_organization,True
2528,Kansl1,Kansl1,Chromatin_organization,True
2529,Kansl2,Kansl2,Chromatin_organization,True
2530,Kansl3,Kansl3,Chromatin_organization,True
2538,Kcnq1,Kcnq1,Chromatin_organization,True
2561,Kmt2e,Kmt2e,Chromatin_organization,True
2569,Lamc1,Lamc1,Chromatin_organization,True
2570,Lin54,Lin54,Chromatin_organization,True
2571,Lmna,Lmna,Chromatin_organization,True
2572,Lmnb1,Lmnb1,Chromatin_organization,True
2573,Lmnb2,Lmnb2,Chromatin_organization,True
2574,Lmntd2,Lmntd2,Chromatin_organization,True
2575,Loxl2,Loxl2,Chromatin_organization,True
2576,Lrif1,Lrif1,Chromatin_organization,True
2578,Lsm11,Lsm11,Chromatin_organization,True
2579,M1ap,M1ap,Chromatin_organization,True
2585,Mcm2,Mcm2,Chromatin_organization,True
2587,Mcrs1,Mcrs1,Chromatin_organization,True
2588,Meaf6,Meaf6,Chromatin_organization,True
2589,Meg3,Meg3,Chromatin_organization,True
2590,Mettl3,Mettl3,Chromatin_organization,True
2591,Mettl4,Mettl4,Chromatin_organization,True
2594,Mhrt,Mhrt,Chromatin_organization,True
2596,Mir127,Mir127,Chromatin_organization,True
2597,Mir136,Mir136,Chromatin_organization,True
2598,Mir744,Mir744,Chromatin_organization,True
2599,Mis18a,Mis18a,Chromatin_organization,True
2600,Mki67,Mki67,Chromatin_organization,True
2601,Mllt1,Mllt1,Chromatin_organization,True
2603,Mms22l,Mms22l,Chromatin_organization,True
2604,Mndal,Mndal,Chromatin_organization,True
2609,Morf4l2,Morf4l2,Chromatin_organization,True
2610,Mos,Mos,Chromatin_organization,True
2612,Mpnd,Mpnd,Chromatin_organization,True
2613,Mrgbp,Mrgbp,Chromatin_organization,True
2615,Msl2,Msl2,Chromatin_organization,True
2620,Mthfr,Mthfr,Chromatin_organization,True
2621,Mybbp1a,Mybbp1a,Chromatin_organization,True
2622,Myo1c,Myo1c,Chromatin_organization,True
2623,Mysm1,Mysm1,Chromatin_organization,True
2631,Nasp,Nasp,Chromatin_organization,True
2633,Nfrkb,Nfrkb,Chromatin_organization,True
2642,Nudt5,Nudt5,Chromatin_organization,True
2644,Oip5,Oip5,Chromatin_organization,True
2645,Pabpc1l,Pabpc1l,Chromatin_organization,True
2646,Padi2,Padi2,Chromatin_organization,True
2647,Padi4,Padi4,Chromatin_organization,True
2648,Pak1,Pak1,Chromatin_organization,True
2649,Parp10,Parp10,Chromatin_organization,True
2651,Pcgf3,Pcgf3,Chromatin_organization,True
2652,Pcgf5,Pcgf5,Chromatin_organization,True
2656,Phf10,Phf10,Chromatin_organization,True
2659,Phf20,Phf20,Chromatin_organization,True
2661,Pih1d1,Pih1d1,Chromatin_organization,True
2662,Pik3ca,Pik3ca,Chromatin_organization,True
2663,Piwil1,Piwil1,Chromatin_organization,True
2666,Pphln1,Pphln1,Chromatin_organization,True
2667,Ppm1d,Ppm1d,Chromatin_organization,True
2674,Prm1,Prm1,Chromatin_organization,True
2678,Psme4,Psme4,Chromatin_organization,True
2679,Ptma,Ptma,Chromatin_organization,True
2682,Rag1,Rag1,Chromatin_organization,True
2684,Rb1,Rb1,Chromatin_organization,True
2685,Rbbp4,Rbbp4,Chromatin_organization,True
2687,Rbbp7,Rbbp7,Chromatin_organization,True
2690,Rbm15,Rbm15,Chromatin_organization,True
2691,Rbm15b,Rbm15b,Chromatin_organization,True
2692,Rcbtb1,Rcbtb1,Chromatin_organization,True
2693,Rccd1,Rccd1,Chromatin_organization,True
2696,Resf1,Resf1,Chromatin_organization,True
2697,Rif1,Rif1,Chromatin_organization,True
2699,Riox1,Riox1,Chromatin_organization,True
2700,Rlim,Rlim,Chromatin_organization,True
2703,Rnf40,Rnf40,Chromatin_organization,True
2705,Rrp8,Rrp8,Chromatin_organization,True
2706,Rsbn1,Rsbn1,Chromatin_organization,True
2708,Ruvbl1,Ruvbl1,Chromatin_organization,True
2711,Sart3,Sart3,Chromatin_organization,True
2713,Selenof,Selenof,Chromatin_organization,True
2725,Sgf29,Sgf29,Chromatin_organization,True
2726,Shprh,Shprh,Chromatin_organization,True
2736,Smarcb1,Smarcb1,Chromatin_organization,True
2740,Smarcd2,Smarcd2,Chromatin_organization,True
2742,Smarce1,Smarce1,Chromatin_organization,True
2743,Smchd1,Smchd1,Chromatin_organization,True
2748,Sphk2,Sphk2,Chromatin_organization,True
2749,Spin1,Spin1,Chromatin_organization,True
2750,Spty2d1,Spty2d1,Chromatin_organization,True
2751,Srpk2,Srpk2,Chromatin_organization,True
2752,Ss18,Ss18,Chromatin_organization,True
2756,Supt4a,Supt4a,Chromatin_organization,True
2757,Supt4b,Supt4b,Chromatin_organization,True
2763,Sycp1,Sycp1,Chromatin_organization,True
2764,Sycp3,Sycp3,Chromatin_organization,True
2768,Tbl1xr1,Tbl1xr1,Chromatin_organization,True
2769,Tdg,Tdg,Chromatin_organization,True
2771,Tet1,Tet1,Chromatin_organization,True
2772,Tet2,Tet2,Chromatin_organization,True
2773,Tet3,Tet3,Chromatin_organization,True
2774,Tex15,Tex15,Chromatin_organization,True
2775,Tfpt,Tfpt,Chromatin_organization,True
2776,Tlk1,Tlk1,Chromatin_organization,True
2777,Tlk2,Tlk2,Chromatin_organization,True
2778,Tnp1,Tnp1,Chromatin_organization,True
2779,Tnp2,Tnp2,Chromatin_organization,True
2780,Tonsl,Tonsl,Chromatin_organization,True
2784,Trim27,Trim27,Chromatin_organization,True
2786,Trrap,Trrap,Chromatin_organization,True
2787,Tsix,Tsix,Chromatin_organization,True
2792,Tssk6,Tssk6,Chromatin_organization,True
2795,Tti1,Tti1,Chromatin_organization,True
2796,Ubn1,Ubn1,Chromatin_organization,True
2797,Ubn2,Ubn2,Chromatin_organization,True
2798,Ubr2,Ubr2,Chromatin_organization,True
2800,Uchl5,Uchl5,Chromatin_organization,True
2801,Uhrf1,Uhrf1,Chromatin_organization,True
2802,Uimc1,Uimc1,Chromatin_organization,True
2804,Usp16,Usp16,Chromatin_organization,True
2805,Usp21,Usp21,Chromatin_organization,True
2806,Usp22,Usp22,Chromatin_organization,True
2807,Usp49,Usp49,Chromatin_organization,True
2808,Utp3,Utp3,Chromatin_organization,True
2810,Vps72,Vps72,Chromatin_organization,True
2814,Wdr5,Wdr5,Chromatin_organization,True
2815,Xist,Xist,Chromatin_organization,True
2816,Yeats2,Yeats2,Chromatin_organization,True
2817,Yeats4,Yeats4,Chromatin_organization,True
2818,Ythdc1,Ythdc1,Chromatin_organization,True
2819,Zdbf2,Zdbf2,Chromatin_organization,True
2820,Zfp42,Zfp42,Chromatin_organization,True
2821,Zfp335,Zfp335,Chromatin_organization,True
2824,Cenpa,Cenpa,Chromatin_component,True
2833,H2ac10,H2ac10,Chromatin_component,True
2834,H2ac12,H2ac12,Chromatin_component,True
2835,H2ac15,H2ac15,Chromatin_component,True
2836,H2ac20,H2ac20,Chromatin_component,True
2837,H2ac21,H2ac21,Chromatin_component,True
2839,H2aj,H2aj,Chromatin_component,True
2840,H2al1a,H2al1a,Chromatin_component,True
2841,H2al1c,H2al1c,Chromatin_component,True
2842,H2al1d,H2al1d,Chromatin_component,True
2843,H2al1f,H2al1f,Chromatin_component,True
2844,H2al1g,H2al1g,Chromatin_component,True
2845,H2al1h,H2al1h,Chromatin_component,True
2846,H2al1i,H2al1i,Chromatin_component,True
2848,H2ap,H2ap,Chromatin_component,True
2849,H2ax,H2ax,Chromatin_component,True
2851,H2az2,H2az2,Chromatin_component,True
2863,H4c1,H4c1,Chromatin_component,True
2864,H4c2,H4c2,Chromatin_component,True
2865,H4c3,H4c3,Chromatin_component,True
2866,H4c4,H4c4,Chromatin_component,True
2867,H4c6,H4c6,Chromatin_component,True
2868,H4c8,H4c8,Chromatin_component,True
2869,H4c9,H4c9,Chromatin_component,True
2870,H4c11,H4c11,Chromatin_component,True
2871,H4c12,H4c12,Chromatin_component,True
2873,H4c16,H4c16,Chromatin_component,True
2874,H4c17,H4c17,Chromatin_component,True
2875,H4c18,H4c18,Chromatin_component,True
2881,Actn1,Actn1,Transcription_regulator,True
2882,Actn2,Actn2,Transcription_regulator,True
2885,Aff1,Aff1,Transcription_regulator,True
2886,Ahdc1,Ahdc1,Transcription_regulator,True
2887,Ahrr,Ahrr,Transcription_regulator,True
2888,Aip,Aip,Transcription_regulator,True
2890,Akirin1,Akirin1,Transcription_regulator,True
2891,Akirin2,Akirin2,Transcription_regulator,True
2892,Ankrd1,Ankrd1,Transcription_regulator,True
2896,Arid5b,Arid5b,Transcription_regulator,True
2897,Arl2bp,Arl2bp,Transcription_regulator,True
2898,Arrb1,Arrb1,Transcription_regulator,True
2899,Asah1,Asah1,Transcription_regulator,True
2900,Ascc1,Ascc1,Transcription_regulator,True
2904,Atn1,Atn1,Transcription_regulator,True
2906,Basp1,Basp1,Transcription_regulator,True
2907,Bcl3,Bcl3,Transcription_regulator,True
2908,Bcl9,Bcl9,Transcription_regulator,True
2909,Bcl9l,Bcl9l,Transcription_regulator,True
2910,Bcl10,Bcl10,Transcription_regulator,True
2916,Birc2,Birc2,Transcription_regulator,True
2921,Btaf1,Btaf1,Transcription_regulator,True
2922,Btg2,Btg2,Transcription_regulator,True
2923,Bud31,Bud31,Transcription_regulator,True
2924,C1d,C1d,Transcription_regulator,True
2925,C1qbp,C1qbp,Transcription_regulator,True
2927,Camta1,Camta1,Transcription_regulator,True
2930,Casp8ap2,Casp8ap2,Transcription_regulator,True
2931,Cbfa2t2,Cbfa2t2,Transcription_regulator,True
2933,Cbfb,Cbfb,Transcription_regulator,True
2934,Ccar1,Ccar1,Transcription_regulator,True
2935,Ccar2,Ccar2,Transcription_regulator,True
2936,Ccdc62,Ccdc62,Transcription_regulator,True
2937,Ccdc124,Ccdc124,Transcription_regulator,True
2938,Ccnd1,Ccnd1,Transcription_regulator,True
2939,Cdca4,Cdca4,Transcription_regulator,True
2941,Cdyl2,Cdyl2,Transcription_regulator,True
2942,Cebpz,Cebpz,Transcription_regulator,True
2943,Cenpj,Cenpj,Transcription_regulator,True
2944,Cir1,Cir1,Transcription_regulator,True
2947,Cited4,Cited4,Transcription_regulator,True
2948,Cmtm2a,Cmtm2a,Transcription_regulator,True
2949,Cnot6,Cnot6,Transcription_regulator,True
2950,Cnot7,Cnot7,Transcription_regulator,True
2951,Cnot9,Cnot9,Transcription_regulator,True
2952,Cops2,Cops2,Transcription_regulator,True
2953,Cops5,Cops5,Transcription_regulator,True
2955,Crym,Crym,Transcription_regulator,True
2956,Csprs,Csprs,Transcription_regulator,True
2962,Dcaf6,Dcaf6,Transcription_regulator,True
2963,Dcc,Dcc,Transcription_regulator,True
2967,Ddx54,Ddx54,Transcription_regulator,True
2968,Dhrs7b,Dhrs7b,Transcription_regulator,True
2971,Dmrtc1a,Dmrtc1a,Transcription_regulator,True
2972,Dmrtc1b,Dmrtc1b,Transcription_regulator,True
2973,Dmrtc1c1,Dmrtc1c1,Transcription_regulator,True
2974,Dmtf1l,Dmtf1l,Transcription_regulator,True
2975,Dnajb1,Dnajb1,Transcription_regulator,True
2981,Drap1,Drap1,Transcription_regulator,True
2982,Drgx,Drgx,Transcription_regulator,True
2984,Dyrk1b,Dyrk1b,Transcription_regulator,True
2985,Eaf1,Eaf1,Transcription_regulator,True
2986,Eaf2,Eaf2,Transcription_regulator,True
2988,Edf1,Edf1,Transcription_regulator,True
2989,Eid1,Eid1,Transcription_regulator,True
2990,Eid2,Eid2,Transcription_regulator,True
2991,Eid2b,Eid2b,Transcription_regulator,True
2992,Elane,Elane,Transcription_regulator,True
2995,Ewsr1,Ewsr1,Transcription_regulator,True
2999,Fgf2,Fgf2,Transcription_regulator,True
3000,Fhl2,Fhl2,Transcription_regulator,True
3001,Fhl3,Fhl3,Transcription_regulator,True
3002,Fhl5,Fhl5,Transcription_regulator,True
3005,Gmnn,Gmnn,Transcription_regulator,True
3006,Gon4l,Gon4l,Transcription_regulator,True
3007,Gps2,Gps2,Transcription_regulator,True
3008,Hbp1,Hbp1,Transcription_regulator,True
3017,Hdgfl1,Hdgfl1,Transcription_regulator,True
3020,Helz2,Helz2,Transcription_regulator,True
3021,Hipk1,Hipk1,Transcription_regulator,True
3022,Hipk2,Hipk2,Transcription_regulator,True
3023,Hipk3,Hipk3,Transcription_regulator,True
3025,Hmga1b,Hmga1b,Transcription_regulator,True
3028,Hmgb2,Hmgb2,Transcription_regulator,True
3030,Homez,Homez,Transcription_regulator,True
3032,Hsbp1,Hsbp1,Transcription_regulator,True
3033,Hsbp1l1,Hsbp1l1,Transcription_regulator,True
3034,Hspa1a,Hspa1a,Transcription_regulator,True
3035,Hyal2,Hyal2,Transcription_regulator,True
3036,Id1,Id1,Transcription_regulator,True
3037,Id2,Id2,Transcription_regulator,True
3038,Id3,Id3,Transcription_regulator,True
3039,Id4,Id4,Transcription_regulator,True
3041,Irf2bp1,Irf2bp1,Transcription_regulator,True
3042,Irf2bp2,Irf2bp2,Transcription_regulator,True
3043,Irf2bpl,Irf2bpl,Transcription_regulator,True
3044,Jade1,Jade1,Transcription_regulator,True
3045,Jazf1,Jazf1,Transcription_regulator,True
3047,Jmy,Jmy,Transcription_regulator,True
3048,Jph2,Jph2,Transcription_regulator,True
3049,Jup,Jup,Transcription_regulator,True
3057,Kctd1,Kctd1,Transcription_regulator,True
3066,Klf9,Klf9,Transcription_regulator,True
3071,Ldb2,Ldb2,Transcription_regulator,True
3072,Limd1,Limd1,Transcription_regulator,True
3073,Lmcd1,Lmcd1,Transcription_regulator,True
3074,Lmo1,Lmo1,Transcription_regulator,True
3076,Lmo3,Lmo3,Transcription_regulator,True
3077,Lmo4,Lmo4,Transcription_regulator,True
3078,Lpin1,Lpin1,Transcription_regulator,True
3079,Lpin2,Lpin2,Transcription_regulator,True
3080,Lpin3,Lpin3,Transcription_regulator,True
3081,Lpxn,Lpxn,Transcription_regulator,True
3082,Maged1,Maged1,Transcription_regulator,True
3083,Mak,Mak,Transcription_regulator,True
3084,Maml1,Maml1,Transcription_regulator,True
3085,Maml2,Maml2,Transcription_regulator,True
3086,Maml3,Maml3,Transcription_regulator,True
3087,Mamstr,Mamstr,Transcription_regulator,True
3088,Map3k10,Map3k10,Transcription_regulator,True
3089,Mcidas,Mcidas,Transcription_regulator,True
3117,Mef2bl,Mef2bl,Transcription_regulator,True
3118,Mid2,Mid2,Transcription_regulator,True
3119,Mideas,Mideas,Transcription_regulator,True
3122,Mier3,Mier3,Transcription_regulator,True
3123,Mlip,Mlip,Transcription_regulator,True
3124,Mms19,Mms19,Transcription_regulator,True
3126,Mrtfb,Mrtfb,Transcription_regulator,True
3130,Mtdh,Mtdh,Transcription_regulator,True
3131,Muc1,Muc1,Transcription_regulator,True
3132,Mxd4,Mxd4,Transcription_regulator,True
3134,Mycbp,Mycbp,Transcription_regulator,True
3135,Myocd,Myocd,Transcription_regulator,True
3137,N4bp2l2,N4bp2l2,Transcription_regulator,True
3138,Nab1,Nab1,Transcription_regulator,True
3139,Nab2,Nab2,Transcription_regulator,True
3140,Naca,Naca,Transcription_regulator,True
3145,Ncoa7,Ncoa7,Transcription_regulator,True
3148,Neurog2,Neurog2,Transcription_regulator,True
3149,Niban2,Niban2,Transcription_regulator,True
3150,Nme2,Nme2,Transcription_regulator,True
3151,Nmi,Nmi,Transcription_regulator,True
3154,Npas3,Npas3,Transcription_regulator,True
3155,Npat,Npat,Transcription_regulator,True
3157,Nr0b1,Nr0b1,Transcription_regulator,True
3158,Nr0b2,Nr0b2,Transcription_regulator,True
3159,Nrbf2,Nrbf2,Transcription_regulator,True
3160,Nrg1,Nrg1,Transcription_regulator,True
3161,Nrip1,Nrip1,Transcription_regulator,True
3166,Pa2g4,Pa2g4,Transcription_regulator,True
3167,Park7,Park7,Transcription_regulator,True
3168,Parp9,Parp9,Transcription_regulator,True
3170,Parp14,Parp14,Transcription_regulator,True
3171,Pcbd1,Pcbd1,Transcription_regulator,True
3172,Pdlim1,Pdlim1,Transcription_regulator,True
3173,Per2,Per2,Transcription_regulator,True
3174,Pex14,Pex14,Transcription_regulator,True
3175,Phb,Phb,Transcription_regulator,True
3179,Phf12,Phf12,Transcription_regulator,True
3180,Pias1,Pias1,Transcription_regulator,True
3181,Pias2,Pias2,Transcription_regulator,True
3182,Pias3,Pias3,Transcription_regulator,True
3183,Pias4,Pias4,Transcription_regulator,True
3184,Pir,Pir,Transcription_regulator,True
3185,Pkm,Pkm,Transcription_regulator,True
3187,Pmf1,Pmf1,Transcription_regulator,True
3188,Pml,Pml,Transcription_regulator,True
3189,Pou2af1,Pou2af1,Transcription_regulator,True
3190,Pou2af2,Pou2af2,Transcription_regulator,True
3191,Pou2af3,Pou2af3,Transcription_regulator,True
3194,Pprc1,Pprc1,Transcription_regulator,True
3197,Prkn,Prkn,Transcription_regulator,True
3200,Prpf6,Prpf6,Transcription_regulator,True
3202,Psmc3ip,Psmc3ip,Transcription_regulator,True
3203,Psmd9,Psmd9,Transcription_regulator,True
3204,Ptpn14,Ptpn14,Transcription_regulator,True
3206,Pxn,Pxn,Transcription_regulator,True
3207,Rad54l2,Rad54l2,Transcription_regulator,True
3208,Raly,Raly,Transcription_regulator,True
3209,Rap2c,Rap2c,Transcription_regulator,True
3210,Rbbp8,Rbbp8,Transcription_regulator,True
3211,Rbck1,Rbck1,Transcription_regulator,True
3212,Rbfox2,Rbfox2,Transcription_regulator,True
3213,Rbm14,Rbm14,Transcription_regulator,True
3214,Rbm39,Rbm39,Transcription_regulator,True
3215,Rbpms,Rbpms,Transcription_regulator,True
3217,Rcor2,Rcor2,Transcription_regulator,True
3218,Rcor3,Rcor3,Transcription_regulator,True
3221,Riox2,Riox2,Transcription_regulator,True
3223,Rrp1b,Rrp1b,Transcription_regulator,True
3225,Runx1t1,Runx1t1,Transcription_regulator,True
3228,Rybp,Rybp,Transcription_regulator,True
3229,Sap18,Sap18,Transcription_regulator,True
3230,Sap30,Sap30,Transcription_regulator,True
3232,Scai,Scai,Transcription_regulator,True
3233,Sdr16c5,Sdr16c5,Transcription_regulator,True
3234,Sertad1,Sertad1,Transcription_regulator,True
3235,Sertad2,Sertad2,Transcription_regulator,True
3239,Sfr1,Sfr1,Transcription_regulator,True
3253,Snw1,Snw1,Transcription_regulator,True
3254,Sox16,Sox16,Transcription_regulator,True
3255,Spen,Spen,Transcription_regulator,True
3256,Sqstm1,Sqstm1,Transcription_regulator,True
3257,Sra1,Sra1,Transcription_regulator,True
3259,Ss18l2,Ss18l2,Transcription_regulator,True
3260,Ssbp3,Ssbp3,Transcription_regulator,True
3261,Ssx9,Ssx9,Transcription_regulator,True
3262,Ssxa1,Ssxa1,Transcription_regulator,True
3263,Ssxb1,Ssxb1,Transcription_regulator,True
3264,Ssxb3,Ssxb3,Transcription_regulator,True
3265,Ssxb5,Ssxb5,Transcription_regulator,True
3266,Ssxb6,Ssxb6,Transcription_regulator,True
3267,Ssxb8,Ssxb8,Transcription_regulator,True
3268,Ssxb10,Ssxb10,Transcription_regulator,True
3269,Strm,Strm,Transcription_regulator,True
3271,Supt3,Supt3,Transcription_regulator,True
3272,Supt7l,Supt7l,Transcription_regulator,True
3273,Supt20,Supt20,Transcription_regulator,True
3274,Tacc1,Tacc1,Transcription_regulator,True
3275,Tada1,Tada1,Transcription_regulator,True
3278,Tada3,Tada3,Transcription_regulator,True
3279,Taf5l,Taf5l,Transcription_regulator,True
3285,Taf15,Taf15,Transcription_regulator,True
3288,Tcerg1l,Tcerg1l,Transcription_regulator,True
3290,Tcf25,Tcf25,Transcription_regulator,True
3291,Tcp10a,Tcp10a,Transcription_regulator,True
3292,Tcp10b,Tcp10b,Transcription_regulator,True
3293,Tcp10c,Tcp10c,Transcription_regulator,True
3296,Tgfb1i1,Tgfb1i1,Transcription_regulator,True
3299,Tle2,Tle2,Transcription_regulator,True
3300,Tle3,Tle3,Transcription_regulator,True
3301,Tle5,Tle5,Transcription_regulator,True
3302,Tle6,Tle6,Transcription_regulator,True
3303,Tle7,Tle7,Transcription_regulator,True
3304,Tmf1,Tmf1,Transcription_regulator,True
3305,Tob1,Tob1,Transcription_regulator,True
3306,Tob2,Tob2,Transcription_regulator,True
3309,Trerf1,Trerf1,Transcription_regulator,True
3310,Trib3,Trib3,Transcription_regulator,True
3311,Trim5,Trim5,Transcription_regulator,True
3312,Trim8,Trim8,Transcription_regulator,True
3313,Trim12a,Trim12a,Transcription_regulator,True
3314,Trim12c,Trim12c,Transcription_regulator,True
3315,Trim13,Trim13,Transcription_regulator,True
3316,Trim14,Trim14,Transcription_regulator,True
3317,Trim15,Trim15,Transcription_regulator,True
3318,Trim21,Trim21,Transcription_regulator,True
3320,Trim25,Trim25,Transcription_regulator,True
3323,Trim30a,Trim30a,Transcription_regulator,True
3324,Trim30b,Trim30b,Transcription_regulator,True
3325,Trim30c,Trim30c,Transcription_regulator,True
3326,Trim30d,Trim30d,Transcription_regulator,True
3327,Trim31,Trim31,Transcription_regulator,True
3328,Trim32,Trim32,Transcription_regulator,True
3330,Trim38,Trim38,Transcription_regulator,True
3331,Trim52,Trim52,Transcription_regulator,True
3332,Trim62,Trim62,Transcription_regulator,True
3333,Trip4,Trip4,Transcription_regulator,True
3334,Trp53bp1,Trp53bp1,Transcription_regulator,True
3336,Tsg101,Tsg101,Transcription_regulator,True
3339,Ube2l3,Ube2l3,Transcription_regulator,True
3340,Ube3a,Ube3a,Transcription_regulator,True
3342,Usf3,Usf3,Transcription_regulator,True
3346,Utf1,Utf1,Transcription_regulator,True
3348,Vgll2,Vgll2,Transcription_regulator,True
3349,Vhl,Vhl,Transcription_regulator,True
3352,Wdr43,Wdr43,Transcription_regulator,True
3353,Wdr77,Wdr77,Transcription_regulator,True
3354,Wnt3a,Wnt3a,Transcription_regulator,True
3355,Wnt4,Wnt4,Transcription_regulator,True
3356,Wtip,Wtip,Transcription_regulator,True
3357,Wwc1,Wwc1,Transcription_regulator,True
3358,Wwox,Wwox,Transcription_regulator,True
3359,Wwtr1,Wwtr1,Transcription_regulator,True
3360,Xpc,Xpc,Transcription_regulator,True
3361,Yaf2,Yaf2,Transcription_regulator,True
3363,Zbed4,Zbed4,Transcription_regulator,True
3364,Zbed6,Zbed6,Transcription_regulator,True
3365,Zbtb8a,Zbtb8a,Transcription_regulator,True
3366,Zbtb10,Zbtb10,Transcription_regulator,True
3367,Zbtb46,Zbtb46,Transcription_regulator,True
3368,Zcchc12,Zcchc12,Transcription_regulator,True
3369,Zfp1,Zfp1,Transcription_regulator,True
3370,Zfp26,Zfp26,Transcription_regulator,True
3371,Zfp30,Zfp30,Transcription_regulator,True
3373,Zfp59,Zfp59,Transcription_regulator,True
3374,Zfp60,Zfp60,Transcription_regulator,True
3377,Zfp182,Zfp182,Transcription_regulator,True
3378,Zfp316,Zfp316,Transcription_regulator,True
3381,Zfp512b,Zfp512b,Transcription_regulator,True
3382,Zfp518b,Zfp518b,Transcription_regulator,True
3383,Zfp541,Zfp541,Transcription_regulator,True
3384,Zfp579,Zfp579,Transcription_regulator,True
3385,Zfp653,Zfp653,Transcription_regulator,True
3386,Zfp664,Zfp664,Transcription_regulator,True
3387,Zfp691,Zfp691,Transcription_regulator,True
3388,Zfp697,Zfp697,Transcription_regulator,True
3389,Zfp711,Zfp711,Transcription_regulator,True
3390,Zfpm1,Zfpm1,Transcription_regulator,True
3391,Zfpm2,Zfpm2,Transcription_regulator,True
3393,Zglp1,Zglp1,Transcription_regulator,True
3395,Zic5,Zic5,Transcription_regulator,True
3397,Zmiz1,Zmiz1,Transcription_regulator,True
3398,Zmiz2,Zmiz2,Transcription_regulator,True
3399,Zmynd8,Zmynd8,Transcription_regulator,True
3400,Zmynd11,Zmynd11,Transcription_regulator,True
3401,Zxdb,Zxdb,Transcription_regulator,True
3402,Zxdc,Zxdc,Transcription_regulator,True
