gene_name,display_name,biotype,keep
Actl6a,Actl6a,Chromatin_binding,TRUE
Actl6b,Actl6b,Chromatin_binding,TRUE
Actn4,Actn4,Chromatin_binding,TRUE
Actr6,Actr6,Chromatin_binding,TRUE
Actrt1,Actrt1,Chromatin_binding,TRUE
Adnp,Adnp,Chromatin_binding,TRUE
Aire,Aire,Chromatin_binding,TRUE
Ajuba,Ajuba,Chromatin_binding,TRUE
Akap8,Akap8,Chromatin_binding,TRUE
Ankrd2,Ankrd2,Chromatin_binding,TRUE
Ankrd17,Ankrd17,Chromatin_binding,TRUE
Apbb1,Apbb1,Chromatin_binding,TRUE
Apex1,Apex1,Chromatin_binding,TRUE
App,App,Chromatin_binding,TRUE
Aptx,Aptx,Chromatin_binding,TRUE
Arid1a,Arid1a,Chromatin_binding,TRUE
Arid1b,Arid1b,Chromatin_binding,TRUE
Arid3a,Arid3a,Chromatin_binding,TRUE
Arid5a,Arid5a,Chromatin_binding,TRUE
Asf1a,Asf1a,Chromatin_binding,TRUE
Asxl1,Asxl1,Chromatin_binding,TRUE
Asxl2,Asxl2,Chromatin_binding,TRUE
Asxl3,Asxl3,Chromatin_binding,TRUE
Atad2,Atad2,Chromatin_binding,TRUE
Atad2b,Atad2b,Chromatin_binding,TRUE
Atrx,Atrx,Chromatin_binding,TRUE
Atxn1,Atxn1,Chromatin_binding,TRUE
Atxn7,Atxn7,Chromatin_binding,TRUE
Auts2,Auts2,Chromatin_binding,TRUE
Bahcc1,Bahcc1,Chromatin_binding,TRUE
Bahd1,Bahd1,Chromatin_binding,TRUE
Bap1,Bap1,Chromatin_binding,TRUE
Bcas3,Bcas3,Chromatin_binding,TRUE
Bend6,Bend6,Chromatin_binding,TRUE
Bmi1,Bmi1,Chromatin_binding,TRUE
Brca1,Brca1,Chromatin_binding,TRUE
Brd2,Brd2,Chromatin_binding,TRUE
Brd3,Brd3,Chromatin_binding,TRUE
Brd4,Brd4,Chromatin_binding,TRUE
Brip1,Brip1,Chromatin_binding,TRUE
Cabin1,Cabin1,Chromatin_binding,TRUE
Calcoco1,Calcoco1,Chromatin_binding,TRUE
Camta2,Camta2,Chromatin_binding,TRUE
Cbfa2t3,Cbfa2t3,Chromatin_binding,TRUE
Cbx1,Cbx1,Chromatin_binding,TRUE
Cbx2,Cbx2,Chromatin_binding,TRUE
Cbx3,Cbx3,Chromatin_binding,TRUE
Cbx4,Cbx4,Chromatin_binding,TRUE
Cbx5,Cbx5,Chromatin_binding,TRUE
Cbx7,Cbx7,Chromatin_binding,TRUE
Cbx8,Cbx8,Chromatin_binding,TRUE
Ccnt1,Ccnt1,Chromatin_binding,TRUE
Ccnt2,Ccnt2,Chromatin_binding,TRUE
Cdc6,Cdc6,Chromatin_binding,TRUE
Cdc45,Cdc45,Chromatin_binding,TRUE
Cdk1,Cdk1,Chromatin_binding,TRUE
Cdt1,Cdt1,Chromatin_binding,TRUE
Cenpb,Cenpb,Chromatin_binding,TRUE
Cenps,Cenps,Chromatin_binding,TRUE
Cgas,Cgas,Chromatin_binding,TRUE
Chd1,Chd1,Chromatin_binding,TRUE
Chd1l,Chd1l,Chromatin_binding,TRUE
Chd2,Chd2,Chromatin_binding,TRUE
Chd3,Chd3,Chromatin_binding,TRUE
Chd4,Chd4,Chromatin_binding,TRUE
Chd5,Chd5,Chromatin_binding,TRUE
Chd6,Chd6,Chromatin_binding,TRUE
Chd7,Chd7,Chromatin_binding,TRUE
Chd8,Chd8,Chromatin_binding,TRUE
Cited1,Cited1,Chromatin_binding,TRUE
Cited2,Cited2,Chromatin_binding,TRUE
Cks2,Cks2,Chromatin_binding,TRUE
Coq7,Coq7,Chromatin_binding,TRUE
Crtc2,Crtc2,Chromatin_binding,TRUE
Csnk2b,Csnk2b,Chromatin_binding,TRUE
Ctbp1,Ctbp1,Chromatin_binding,TRUE
Ctbp2,Ctbp2,Chromatin_binding,TRUE
Ctnnb1,Ctnnb1,Chromatin_binding,TRUE
Cys1,Cys1,Chromatin_binding,TRUE
Ddx1,Ddx1,Chromatin_binding,TRUE
Ddx5,Ddx5,Chromatin_binding,TRUE
Ddx11,Ddx11,Chromatin_binding,TRUE
Ddx17,Ddx17,Chromatin_binding,TRUE
Dhx9,Dhx9,Chromatin_binding,TRUE
Dhx30,Dhx30,Chromatin_binding,TRUE
Dnajc2,Dnajc2,Chromatin_binding,TRUE
Dnmt1,Dnmt1,Chromatin_binding,TRUE
Dnmt3a,Dnmt3a,Chromatin_binding,TRUE
Dnmt3b,Dnmt3b,Chromatin_binding,TRUE
Dnttip1,Dnttip1,Chromatin_binding,TRUE
Dppa2,Dppa2,Chromatin_binding,TRUE
Dppa4,Dppa4,Chromatin_binding,TRUE
Ecsit,Ecsit,Chromatin_binding,TRUE
Egfr,Egfr,Chromatin_binding,TRUE
Eny2,Eny2,Chromatin_binding,TRUE
Ep400,Ep400,Chromatin_binding,TRUE
Epop,Epop,Chromatin_binding,TRUE
Ercc4,Ercc4,Chromatin_binding,TRUE
Evx1os,Evx1os,Chromatin_binding,TRUE
Exo1,Exo1,Chromatin_binding,TRUE
Eya3,Eya3,Chromatin_binding,TRUE
Faap24,Faap24,Chromatin_binding,TRUE
Fabp1,Fabp1,Chromatin_binding,TRUE
Fancm,Fancm,Chromatin_binding,TRUE
Fcor,Fcor,Chromatin_binding,TRUE
Fmr1,Fmr1,Chromatin_binding,TRUE
Fus,Fus,Chromatin_binding,TRUE
Gadd45a,Gadd45a,Chromatin_binding,TRUE
Glyr1,Glyr1,Chromatin_binding,TRUE
Gm20379,Gm20379,Chromatin_binding,TRUE
Gmnc,Gmnc,Chromatin_binding,TRUE
Gper1,Gper1,Chromatin_binding,TRUE
Grwd1,Grwd1,Chromatin_binding,TRUE
Gtf2h1,Gtf2h1,Chromatin_binding,TRUE
H1f0,H1f0,Chromatin_binding,TRUE
H3f3a,H3f3a,Chromatin_binding,TRUE
H3f3b,H3f3b,Chromatin_binding,TRUE
Hcfc1,Hcfc1,Chromatin_binding,TRUE
Hdgfl2,Hdgfl2,Chromatin_binding,TRUE
Hdgfl3,Hdgfl3,Chromatin_binding,TRUE
Hells,Hells,Chromatin_binding,TRUE
Hira,Hira,Chromatin_binding,TRUE
Hmga1,Hmga1,Chromatin_binding,TRUE
Hmga2,Hmga2,Chromatin_binding,TRUE
Hmgn1,Hmgn1,Chromatin_binding,TRUE
Hmgn2,Hmgn2,Chromatin_binding,TRUE
Hmgn3,Hmgn3,Chromatin_binding,TRUE
Hmgn5,Hmgn5,Chromatin_binding,TRUE
Hnrnpd,Hnrnpd,Chromatin_binding,TRUE
Hnrnpu,Hnrnpu,Chromatin_binding,TRUE
Hp1bp3,Hp1bp3,Chromatin_binding,TRUE
Hpf1,Hpf1,Chromatin_binding,TRUE
Ift74,Ift74,Chromatin_binding,TRUE
Ing2,Ing2,Chromatin_binding,TRUE
Ing5,Ing5,Chromatin_binding,TRUE
Kcnq1ot1,Kcnq1ot1,Chromatin_binding,TRUE
Klhdc3,Klhdc3,Chromatin_binding,TRUE
L3mbtl1,L3mbtl1,Chromatin_binding,TRUE
L3mbtl2,L3mbtl2,Chromatin_binding,TRUE
L3mbtl3,L3mbtl3,Chromatin_binding,TRUE
L3mbtl4,L3mbtl4,Chromatin_binding,TRUE
Lcor,Lcor,Chromatin_binding,TRUE
Ldb1,Ldb1,Chromatin_binding,TRUE
Lemd2,Lemd2,Chromatin_binding,TRUE
Lemd3,Lemd3,Chromatin_binding,TRUE
Lmo2,Lmo2,Chromatin_binding,TRUE
Lrwd1,Lrwd1,Chromatin_binding,TRUE
Mapk15,Mapk15,Chromatin_binding,TRUE
Mbd1,Mbd1,Chromatin_binding,TRUE
Mbd2,Mbd2,Chromatin_binding,TRUE
Mbd3,Mbd3,Chromatin_binding,TRUE
Mbd5,Mbd5,Chromatin_binding,TRUE
Mbd6,Mbd6,Chromatin_binding,TRUE
Mbtd1,Mbtd1,Chromatin_binding,TRUE
Mcm8,Mcm8,Chromatin_binding,TRUE
Mcm9,Mcm9,Chromatin_binding,TRUE
Mcmbp,Mcmbp,Chromatin_binding,TRUE
Meiob,Meiob,Chromatin_binding,TRUE
Mir208b,Mir208b,Chromatin_binding,TRUE
Mkrn1,Mkrn1,Chromatin_binding,TRUE
Mlh1,Mlh1,Chromatin_binding,TRUE
Mlh3,Mlh3,Chromatin_binding,TRUE
Mllt3,Mllt3,Chromatin_binding,TRUE
Mllt6,Mllt6,Chromatin_binding,TRUE
Mllt10,Mllt10,Chromatin_binding,TRUE
Morc2a,Morc2a,Chromatin_binding,TRUE
Morc2b,Morc2b,Chromatin_binding,TRUE
Morf4l1,Morf4l1,Chromatin_binding,TRUE
Mphosph8,Mphosph8,Chromatin_binding,TRUE
Mrnip,Mrnip,Chromatin_binding,TRUE
Msh2,Msh2,Chromatin_binding,TRUE
Msh6,Msh6,Chromatin_binding,TRUE
Msl1,Msl1,Chromatin_binding,TRUE
Mta1,Mta1,Chromatin_binding,TRUE
Mta3,Mta3,Chromatin_binding,TRUE
Nap1l1,Nap1l1,Chromatin_binding,TRUE
Nap1l2,Nap1l2,Chromatin_binding,TRUE
Nap1l3,Nap1l3,Chromatin_binding,TRUE
Nap1l4,Nap1l4,Chromatin_binding,TRUE
Nap1l5,Nap1l5,Chromatin_binding,TRUE
Ncaph,Ncaph,Chromatin_binding,TRUE
Ncaph2,Ncaph2,Chromatin_binding,TRUE
Ncoa2,Ncoa2,Chromatin_binding,TRUE
Ncoa5,Ncoa5,Chromatin_binding,TRUE
Ncor1,Ncor1,Chromatin_binding,TRUE
Ncor2,Ncor2,Chromatin_binding,TRUE
Nelfa,Nelfa,Chromatin_binding,TRUE
Nelfe,Nelfe,Chromatin_binding,TRUE
Nipbl,Nipbl,Chromatin_binding,TRUE
Nkap,Nkap,Chromatin_binding,TRUE
Nkapl,Nkapl,Chromatin_binding,TRUE
Noc2l,Noc2l,Chromatin_binding,TRUE
Noc3l,Noc3l,Chromatin_binding,TRUE
Nono,Nono,Chromatin_binding,TRUE
Notch1,Notch1,Chromatin_binding,TRUE
Npm1,Npm1,Chromatin_binding,TRUE
Npm2,Npm2,Chromatin_binding,TRUE
Npm3,Npm3,Chromatin_binding,TRUE
Nucks1,Nucks1,Chromatin_binding,TRUE
Nudt21,Nudt21,Chromatin_binding,TRUE
Nup98,Nup98,Chromatin_binding,TRUE
Nup153,Nup153,Chromatin_binding,TRUE
Nupr1,Nupr1,Chromatin_binding,TRUE
Ogt,Ogt,Chromatin_binding,TRUE
Orc1,Orc1,Chromatin_binding,TRUE
Paf1,Paf1,Chromatin_binding,TRUE
Parg,Parg,Chromatin_binding,TRUE
Parp1,Parp1,Chromatin_binding,TRUE
Parp2,Parp2,Chromatin_binding,TRUE
Paupar,Paupar,Chromatin_binding,TRUE
Pbrm1,Pbrm1,Chromatin_binding,TRUE
Pcgf1,Pcgf1,Chromatin_binding,TRUE
Pcgf2,Pcgf2,Chromatin_binding,TRUE
Pclaf,Pclaf,Chromatin_binding,TRUE
Pcna,Pcna,Chromatin_binding,TRUE
Pelp1,Pelp1,Chromatin_binding,TRUE
Per1,Per1,Chromatin_binding,TRUE
Phc1,Phc1,Chromatin_binding,TRUE
Phc2,Phc2,Chromatin_binding,TRUE
Phc3,Phc3,Chromatin_binding,TRUE
Phf1,Phf1,Chromatin_binding,TRUE
Phf13,Phf13,Chromatin_binding,TRUE
Phf19,Phf19,Chromatin_binding,TRUE
Phf21a,Phf21a,Chromatin_binding,TRUE
Pkn1,Pkn1,Chromatin_binding,TRUE
Plac8,Plac8,Chromatin_binding,TRUE
Pola1,Pola1,Chromatin_binding,TRUE
Pold1,Pold1,Chromatin_binding,TRUE
Pole,Pole,Chromatin_binding,TRUE
Pole3,Pole3,Chromatin_binding,TRUE
Polg,Polg,Chromatin_binding,TRUE
Polq,Polq,Chromatin_binding,TRUE
Polr1a,Polr1a,Chromatin_binding,TRUE
Polr2a,Polr2a,Chromatin_binding,TRUE
Polr2b,Polr2b,Chromatin_binding,TRUE
Polr3a,Polr3a,Chromatin_binding,TRUE
Polr3d,Polr3d,Chromatin_binding,TRUE
Polr3g,Polr3g,Chromatin_binding,TRUE
Polr3gl,Polr3gl,Chromatin_binding,TRUE
Ppargc1a,Ppargc1a,Chromatin_binding,TRUE
Ppp2r3d,Ppp2r3d,Chromatin_binding,TRUE
Prdm11,Prdm11,Chromatin_binding,TRUE
Prdm15,Prdm15,Chromatin_binding,TRUE
Primpol,Primpol,Chromatin_binding,TRUE
Prkaa1,Prkaa1,Chromatin_binding,TRUE
Prkaa2,Prkaa2,Chromatin_binding,TRUE
Prkcb,Prkcb,Chromatin_binding,TRUE
Psip1,Psip1,Chromatin_binding,TRUE
Pus1,Pus1,Chromatin_binding,TRUE
Pygo2,Pygo2,Chromatin_binding,TRUE
Rad17,Rad17,Chromatin_binding,TRUE
Rad21,Rad21,Chromatin_binding,TRUE
Rad21l,Rad21l,Chromatin_binding,TRUE
Rad51,Rad51,Chromatin_binding,TRUE
Rag2,Rag2,Chromatin_binding,TRUE
Rbl1,Rbl1,Chromatin_binding,TRUE
Rbl2,Rbl2,Chromatin_binding,TRUE
Rbmx,Rbmx,Chromatin_binding,TRUE
Rbmxl1,Rbmxl1,Chromatin_binding,TRUE
Rcc1,Rcc1,Chromatin_binding,TRUE
Rcor1,Rcor1,Chromatin_binding,TRUE
Rec8,Rec8,Chromatin_binding,TRUE
Repin1,Repin1,Chromatin_binding,TRUE
Rere,Rere,Chromatin_binding,TRUE
Rfpl4b,Rfpl4b,Chromatin_binding,TRUE
Ring1,Ring1,Chromatin_binding,TRUE
Rit2,Rit2,Chromatin_binding,TRUE
Rnf2,Rnf2,Chromatin_binding,TRUE
Rnf4,Rnf4,Chromatin_binding,TRUE
Rnf8,Rnf8,Chromatin_binding,TRUE
Rnf20,Rnf20,Chromatin_binding,TRUE
Rnf168,Rnf168,Chromatin_binding,TRUE
Rnf169,Rnf169,Chromatin_binding,TRUE
Rpa1,Rpa1,Chromatin_binding,TRUE
Ruvbl2,Ruvbl2,Chromatin_binding,TRUE
Safb,Safb,Chromatin_binding,TRUE
Samd1,Samd1,Chromatin_binding,TRUE
Samd7,Samd7,Chromatin_binding,TRUE
Samd11,Samd11,Chromatin_binding,TRUE
Samd13,Samd13,Chromatin_binding,TRUE
Sap30l,Sap30l,Chromatin_binding,TRUE
Sarnp,Sarnp,Chromatin_binding,TRUE
Sbno1,Sbno1,Chromatin_binding,TRUE
Sbno2,Sbno2,Chromatin_binding,TRUE
Scmh1,Scmh1,Chromatin_binding,TRUE
Scml2,Scml2,Chromatin_binding,TRUE
Scml4,Scml4,Chromatin_binding,TRUE
Set,Set,Chromatin_binding,TRUE
Sf3b1,Sf3b1,Chromatin_binding,TRUE
Sfmbt1,Sfmbt1,Chromatin_binding,TRUE
Sfmbt2,Sfmbt2,Chromatin_binding,TRUE
Sfpq,Sfpq,Chromatin_binding,TRUE
Shmt2,Shmt2,Chromatin_binding,TRUE
Sin3a,Sin3a,Chromatin_binding,TRUE
Sin3b,Sin3b,Chromatin_binding,TRUE
Slc30a9,Slc30a9,Chromatin_binding,TRUE
Smad6,Smad6,Chromatin_binding,TRUE
Smarca1,Smarca1,Chromatin_binding,TRUE
Smarca2,Smarca2,Chromatin_binding,TRUE
Smarca4,Smarca4,Chromatin_binding,TRUE
Smarcad1,Smarcad1,Chromatin_binding,TRUE
Smarcc1,Smarcc1,Chromatin_binding,TRUE
Smarcc2,Smarcc2,Chromatin_binding,TRUE
Smarcd1,Smarcd1,Chromatin_binding,TRUE
Smarcd3,Smarcd3,Chromatin_binding,TRUE
Smc1a,Smc1a,Chromatin_binding,TRUE
Smc2,Smc2,Chromatin_binding,TRUE
Smc3,Smc3,Chromatin_binding,TRUE
Smc4,Smc4,Chromatin_binding,TRUE
Ssbp1,Ssbp1,Chromatin_binding,TRUE
Ssrp1,Ssrp1,Chromatin_binding,TRUE
Stag1,Stag1,Chromatin_binding,TRUE
Stag2,Stag2,Chromatin_binding,TRUE
Stag3,Stag3,Chromatin_binding,TRUE
Stpg4,Stpg4,Chromatin_binding,TRUE
Supt5,Supt5,Chromatin_binding,TRUE
Supt6,Supt6,Chromatin_binding,TRUE
Supt16,Supt16,Chromatin_binding,TRUE
Suz12,Suz12,Chromatin_binding,TRUE
Svep1,Svep1,Chromatin_binding,TRUE
Tada2b,Tada2b,Chromatin_binding,TRUE
Tbl1x,Tbl1x,Chromatin_binding,TRUE
Tcf7l1,Tcf7l1,Chromatin_binding,TRUE
Tdrd3,Tdrd3,Chromatin_binding,TRUE
Ticrr,Ticrr,Chromatin_binding,TRUE
Tle1,Tle1,Chromatin_binding,TRUE
Tnrc18,Tnrc18,Chromatin_binding,TRUE
Top1,Top1,Chromatin_binding,TRUE
Top2a,Top2a,Chromatin_binding,TRUE
Top2b,Top2b,Chromatin_binding,TRUE
Tox,Tox,Chromatin_binding,TRUE
Tox2,Tox2,Chromatin_binding,TRUE
Tox3,Tox3,Chromatin_binding,TRUE
Tox4,Tox4,Chromatin_binding,TRUE
Tpr,Tpr,Chromatin_binding,TRUE
Trim24,Trim24,Chromatin_binding,TRUE
Trim28,Trim28,Chromatin_binding,TRUE
Trim33,Trim33,Chromatin_binding,TRUE
Trim37,Trim37,Chromatin_binding,TRUE
Trim66,Trim66,Chromatin_binding,TRUE
Tshz3,Tshz3,Chromatin_binding,TRUE
Tspyl1,Tspyl1,Chromatin_binding,TRUE
Tspyl2,Tspyl2,Chromatin_binding,TRUE
Tspyl3,Tspyl3,Chromatin_binding,TRUE
Tspyl4,Tspyl4,Chromatin_binding,TRUE
Tspyl5,Tspyl5,Chromatin_binding,TRUE
Ttc5,Ttc5,Chromatin_binding,TRUE
Ttc21b,Ttc21b,Chromatin_binding,TRUE
Ttc39aos1,Ttc39aos1,Chromatin_binding,TRUE
Twist2,Twist2,Chromatin_binding,TRUE
Ube2t,Ube2t,Chromatin_binding,TRUE
Upf1,Upf1,Chromatin_binding,TRUE
Uri1,Uri1,Chromatin_binding,TRUE
Usp3,Usp3,Chromatin_binding,TRUE
Usp51,Usp51,Chromatin_binding,TRUE
Uty,Uty,Chromatin_binding,TRUE
Uxt,Uxt,Chromatin_binding,TRUE
Wac,Wac,Chromatin_binding,TRUE
Wbp2,Wbp2,Chromatin_binding,TRUE
Wbp2nl,Wbp2nl,Chromatin_binding,TRUE
Wdhd1,Wdhd1,Chromatin_binding,TRUE
Wdr13,Wdr13,Chromatin_binding,TRUE
Wdr82,Wdr82,Chromatin_binding,TRUE
Wrn,Wrn,Chromatin_binding,TRUE
Yap1,Yap1,Chromatin_binding,TRUE
Ybx1,Ybx1,Chromatin_binding,TRUE
Ybx2,Ybx2,Chromatin_binding,TRUE
Zc3h4,Zc3h4,Chromatin_binding,TRUE
Zc3h12a,Zc3h12a,Chromatin_binding,TRUE
Zfp110,Zfp110,Chromatin_binding,TRUE
Zfp125,Zfp125,Chromatin_binding,TRUE
Zfp276,Zfp276,Chromatin_binding,TRUE
Zfp369,Zfp369,Chromatin_binding,TRUE
Zfp609,Zfp609,Chromatin_binding,TRUE
Zfx,Zfx,Chromatin_binding,TRUE
Zic2,Zic2,Chromatin_binding,TRUE
Zkscan3,Zkscan3,Chromatin_binding,TRUE
Znhit1,Znhit1,Chromatin_binding,TRUE
Cenpa,Cenpa,Chromatin_organization,TRUE
H2al1a,H2al1a,Chromatin_organization,TRUE
H2al1c,H2al1c,Chromatin_organization,TRUE
H2al1d,H2al1d,Chromatin_organization,TRUE
H2al1f,H2al1f,Chromatin_organization,TRUE
H2al1g,H2al1g,Chromatin_organization,TRUE
H2al1h,H2al1h,Chromatin_organization,TRUE
H2al1i,H2al1i,Chromatin_organization,TRUE
0610010K14Rik,0610010K14Rik,Chromatin_organization,TRUE
4930402K13Rik,4930402K13Rik,Chromatin_organization,TRUE
4930480E11Rik,4930480E11Rik,Chromatin_organization,TRUE
a,a,Chromatin_organization,TRUE
Abraxas1,Abraxas1,Chromatin_organization,TRUE
Actb,Actb,Chromatin_organization,TRUE
Actr5,Actr5,Chromatin_organization,TRUE
Actr8,Actr8,Chromatin_organization,TRUE
Aicda,Aicda,Chromatin_organization,TRUE
Airn,Airn,Chromatin_organization,TRUE
Alkbh4,Alkbh4,Chromatin_organization,TRUE
Anp32b,Anp32b,Chromatin_organization,TRUE
Anp32e,Anp32e,Chromatin_organization,TRUE
Aplf,Aplf,Chromatin_organization,TRUE
Apobec1,Apobec1,Chromatin_organization,TRUE
Arid2,Arid2,Chromatin_organization,TRUE
Arid4a,Arid4a,Chromatin_organization,TRUE
Arid4b,Arid4b,Chromatin_organization,TRUE
Asf1b,Asf1b,Chromatin_organization,TRUE
Atf7ip2,Atf7ip2,Chromatin_organization,TRUE
Atxn7l3,Atxn7l3,Chromatin_organization,TRUE
Axin1,Axin1,Chromatin_organization,TRUE
Babam1,Babam1,Chromatin_organization,TRUE
Babam2,Babam2,Chromatin_organization,TRUE
Bag6,Bag6,Chromatin_organization,TRUE
Banf1,Banf1,Chromatin_organization,TRUE
Banp,Banp,Chromatin_organization,TRUE
Baz1a,Baz1a,Chromatin_organization,TRUE
Baz1b,Baz1b,Chromatin_organization,TRUE
Baz2a,Baz2a,Chromatin_organization,TRUE
Bcl7a,Bcl7a,Chromatin_organization,TRUE
Bcl7b,Bcl7b,Chromatin_organization,TRUE
Bcl7c,Bcl7c,Chromatin_organization,TRUE
Bcor,Bcor,Chromatin_organization,TRUE
Bcorl1,Bcorl1,Chromatin_organization,TRUE
Bend3,Bend3,Chromatin_organization,TRUE
Bicra,Bicra,Chromatin_organization,TRUE
Bicral,Bicral,Chromatin_organization,TRUE
Bptf,Bptf,Chromatin_organization,TRUE
Brcc3,Brcc3,Chromatin_organization,TRUE
Brd1,Brd1,Chromatin_organization,TRUE
Brd7,Brd7,Chromatin_organization,TRUE
Brd8,Brd8,Chromatin_organization,TRUE
Brd9,Brd9,Chromatin_organization,TRUE
Brdt,Brdt,Chromatin_organization,TRUE
Brpf1,Brpf1,Chromatin_organization,TRUE
Brpf3,Brpf3,Chromatin_organization,TRUE
Bud23,Bud23,Chromatin_organization,TRUE
Cbx6,Cbx6,Chromatin_organization,TRUE
Cdan1,Cdan1,Chromatin_organization,TRUE
Cdk2,Cdk2,Chromatin_organization,TRUE
Cdkn1c,Cdkn1c,Chromatin_organization,TRUE
Cecr2,Cecr2,Chromatin_organization,TRUE
Cenpp,Cenpp,Chromatin_organization,TRUE
Cenpv,Cenpv,Chromatin_organization,TRUE
Cfdp1,Cfdp1,Chromatin_organization,TRUE
Cggbp1,Cggbp1,Chromatin_organization,TRUE
Chaer1,Chaer1,Chromatin_organization,TRUE
Chaf1a,Chaf1a,Chromatin_organization,TRUE
Chaf1b,Chaf1b,Chromatin_organization,TRUE
Chd9,Chd9,Chromatin_organization,TRUE
Chek1,Chek1,Chromatin_organization,TRUE
Chrac1,Chrac1,Chromatin_organization,TRUE
Coprs,Coprs,Chromatin_organization,TRUE
Ctr9,Ctr9,Chromatin_organization,TRUE
Dapk3,Dapk3,Chromatin_organization,TRUE
Daxx,Daxx,Chromatin_organization,TRUE
Dcaf1,Dcaf1,Chromatin_organization,TRUE
Ddx21,Ddx21,Chromatin_organization,TRUE
Ddx23,Ddx23,Chromatin_organization,TRUE
Dek,Dek,Chromatin_organization,TRUE
Dicer1,Dicer1,Chromatin_organization,TRUE
Dmap1,Dmap1,Chromatin_organization,TRUE
Dnajc9,Dnajc9,Chromatin_organization,TRUE
Dnmt3l,Dnmt3l,Chromatin_organization,TRUE
Dpf1,Dpf1,Chromatin_organization,TRUE
Dpf2,Dpf2,Chromatin_organization,TRUE
Dpf3,Dpf3,Chromatin_organization,TRUE
Dppa3,Dppa3,Chromatin_organization,TRUE
Dpy30,Dpy30,Chromatin_organization,TRUE
Dtx3l,Dtx3l,Chromatin_organization,TRUE
Dyrk1a,Dyrk1a,Chromatin_organization,TRUE
Eif1,Eif1,Chromatin_organization,TRUE
Emsy,Emsy,Chromatin_organization,TRUE
Epc1,Epc1,Chromatin_organization,TRUE
Epc2,Epc2,Chromatin_organization,TRUE
Exosc10,Exosc10,Chromatin_organization,TRUE
Eya1,Eya1,Chromatin_organization,TRUE
Eya2,Eya2,Chromatin_organization,TRUE
Eya4,Eya4,Chromatin_organization,TRUE
Fam47c,Fam47c,Chromatin_organization,TRUE
Fam47e,Fam47e,Chromatin_organization,TRUE
Fam50a,Fam50a,Chromatin_organization,TRUE
Fam50b,Fam50b,Chromatin_organization,TRUE
Fam172a,Fam172a,Chromatin_organization,TRUE
Flicr,Flicr,Chromatin_organization,TRUE
Fshr,Fshr,Chromatin_organization,TRUE
Ftx,Ftx,Chromatin_organization,TRUE
Gatad1,Gatad1,Chromatin_organization,TRUE
Gatad2a,Gatad2a,Chromatin_organization,TRUE
Gatad2b,Gatad2b,Chromatin_organization,TRUE
Glmn,Glmn,Chromatin_organization,TRUE
Gnas,Gnas,Chromatin_organization,TRUE
Gpx1,Gpx1,Chromatin_organization,TRUE
Gpx4,Gpx4,Chromatin_organization,TRUE
Gsk3a,Gsk3a,Chromatin_organization,TRUE
Gsk3b,Gsk3b,Chromatin_organization,TRUE
H2al2a,H2al2a,Chromatin_organization,TRUE
H3f3c,H3f3c,Chromatin_organization,TRUE
H19,H19,Chromatin_organization,TRUE
Haspin,Haspin,Chromatin_organization,TRUE
Hcfc2,Hcfc2,Chromatin_organization,TRUE
Hjurp,Hjurp,Chromatin_organization,TRUE
Hltf,Hltf,Chromatin_organization,TRUE
Hmg20a,Hmg20a,Chromatin_organization,TRUE
Hmg20b,Hmg20b,Chromatin_organization,TRUE
Hotair,Hotair,Chromatin_organization,TRUE
Ifi203,Ifi203,Chromatin_organization,TRUE
Ifi205,Ifi205,Chromatin_organization,TRUE
Ifi208,Ifi208,Chromatin_organization,TRUE
Ifi209,Ifi209,Chromatin_organization,TRUE
Ifi211,Ifi211,Chromatin_organization,TRUE
Ifi213,Ifi213,Chromatin_organization,TRUE
Ifi214,Ifi214,Chromatin_organization,TRUE
Ing3,Ing3,Chromatin_organization,TRUE
Ing4,Ing4,Chromatin_organization,TRUE
Ino80,Ino80,Chromatin_organization,TRUE
Ino80b,Ino80b,Chromatin_organization,TRUE
Ino80c,Ino80c,Chromatin_organization,TRUE
Ino80d,Ino80d,Chromatin_organization,TRUE
Ino80e,Ino80e,Chromatin_organization,TRUE
Itgb3bp,Itgb3bp,Chromatin_organization,TRUE
Jak2,Jak2,Chromatin_organization,TRUE
Jpx,Jpx,Chromatin_organization,TRUE
Kansl1,Kansl1,Chromatin_organization,TRUE
Kansl2,Kansl2,Chromatin_organization,TRUE
Kansl3,Kansl3,Chromatin_organization,TRUE
Kcnq1,Kcnq1,Chromatin_organization,TRUE
Kmt2e,Kmt2e,Chromatin_organization,TRUE
Lamc1,Lamc1,Chromatin_organization,TRUE
Lin54,Lin54,Chromatin_organization,TRUE
Lmna,Lmna,Chromatin_organization,TRUE
Lmnb1,Lmnb1,Chromatin_organization,TRUE
Lmnb2,Lmnb2,Chromatin_organization,TRUE
Lmntd2,Lmntd2,Chromatin_organization,TRUE
Loxl2,Loxl2,Chromatin_organization,TRUE
Lrif1,Lrif1,Chromatin_organization,TRUE
Lsm11,Lsm11,Chromatin_organization,TRUE
M1ap,M1ap,Chromatin_organization,TRUE
Mcm2,Mcm2,Chromatin_organization,TRUE
Mcrs1,Mcrs1,Chromatin_organization,TRUE
Meaf6,Meaf6,Chromatin_organization,TRUE
Meg3,Meg3,Chromatin_organization,TRUE
Mettl3,Mettl3,Chromatin_organization,TRUE
Mettl4,Mettl4,Chromatin_organization,TRUE
Mhrt,Mhrt,Chromatin_organization,TRUE
Mir127,Mir127,Chromatin_organization,TRUE
Mir136,Mir136,Chromatin_organization,TRUE
Mir744,Mir744,Chromatin_organization,TRUE
Mis18a,Mis18a,Chromatin_organization,TRUE
Mki67,Mki67,Chromatin_organization,TRUE
Mllt1,Mllt1,Chromatin_organization,TRUE
Mms22l,Mms22l,Chromatin_organization,TRUE
Mndal,Mndal,Chromatin_organization,TRUE
Morf4l2,Morf4l2,Chromatin_organization,TRUE
Mos,Mos,Chromatin_organization,TRUE
Mpnd,Mpnd,Chromatin_organization,TRUE
Mrgbp,Mrgbp,Chromatin_organization,TRUE
Msl2,Msl2,Chromatin_organization,TRUE
Mthfr,Mthfr,Chromatin_organization,TRUE
Mybbp1a,Mybbp1a,Chromatin_organization,TRUE
Myo1c,Myo1c,Chromatin_organization,TRUE
Mysm1,Mysm1,Chromatin_organization,TRUE
Nasp,Nasp,Chromatin_organization,TRUE
Nfrkb,Nfrkb,Chromatin_organization,TRUE
Nudt5,Nudt5,Chromatin_organization,TRUE
Oip5,Oip5,Chromatin_organization,TRUE
Pabpc1l,Pabpc1l,Chromatin_organization,TRUE
Padi2,Padi2,Chromatin_organization,TRUE
Padi4,Padi4,Chromatin_organization,TRUE
Pak1,Pak1,Chromatin_organization,TRUE
Parp10,Parp10,Chromatin_organization,TRUE
Pcgf3,Pcgf3,Chromatin_organization,TRUE
Pcgf5,Pcgf5,Chromatin_organization,TRUE
Phf10,Phf10,Chromatin_organization,TRUE
Phf20,Phf20,Chromatin_organization,TRUE
Pih1d1,Pih1d1,Chromatin_organization,TRUE
Pik3ca,Pik3ca,Chromatin_organization,TRUE
Piwil1,Piwil1,Chromatin_organization,TRUE
Pphln1,Pphln1,Chromatin_organization,TRUE
Ppm1d,Ppm1d,Chromatin_organization,TRUE
Prm1,Prm1,Chromatin_organization,TRUE
Psme4,Psme4,Chromatin_organization,TRUE
Ptma,Ptma,Chromatin_organization,TRUE
Rag1,Rag1,Chromatin_organization,TRUE
Rb1,Rb1,Chromatin_organization,TRUE
Rbbp4,Rbbp4,Chromatin_organization,TRUE
Rbbp7,Rbbp7,Chromatin_organization,TRUE
Rbm15,Rbm15,Chromatin_organization,TRUE
Rbm15b,Rbm15b,Chromatin_organization,TRUE
Rcbtb1,Rcbtb1,Chromatin_organization,TRUE
Rccd1,Rccd1,Chromatin_organization,TRUE
Resf1,Resf1,Chromatin_organization,TRUE
Rif1,Rif1,Chromatin_organization,TRUE
Riox1,Riox1,Chromatin_organization,TRUE
Rlim,Rlim,Chromatin_organization,TRUE
Rnf40,Rnf40,Chromatin_organization,TRUE
Rrp8,Rrp8,Chromatin_organization,TRUE
Rsbn1,Rsbn1,Chromatin_organization,TRUE
Ruvbl1,Ruvbl1,Chromatin_organization,TRUE
Sart3,Sart3,Chromatin_organization,TRUE
Selenof,Selenof,Chromatin_organization,TRUE
Sgf29,Sgf29,Chromatin_organization,TRUE
Shprh,Shprh,Chromatin_organization,TRUE
Smarcb1,Smarcb1,Chromatin_organization,TRUE
Smarcd2,Smarcd2,Chromatin_organization,TRUE
Smarce1,Smarce1,Chromatin_organization,TRUE
Smchd1,Smchd1,Chromatin_organization,TRUE
Sphk2,Sphk2,Chromatin_organization,TRUE
Spin1,Spin1,Chromatin_organization,TRUE
Spty2d1,Spty2d1,Chromatin_organization,TRUE
Srpk2,Srpk2,Chromatin_organization,TRUE
Ss18,Ss18,Chromatin_organization,TRUE
Supt4a,Supt4a,Chromatin_organization,TRUE
Supt4b,Supt4b,Chromatin_organization,TRUE
Sycp1,Sycp1,Chromatin_organization,TRUE
Sycp3,Sycp3,Chromatin_organization,TRUE
Tbl1xr1,Tbl1xr1,Chromatin_organization,TRUE
Tdg,Tdg,Chromatin_organization,TRUE
Tet1,Tet1,Chromatin_organization,TRUE
Tet2,Tet2,Chromatin_organization,TRUE
Tet3,Tet3,Chromatin_organization,TRUE
Tex15,Tex15,Chromatin_organization,TRUE
Tfpt,Tfpt,Chromatin_organization,TRUE
Tlk1,Tlk1,Chromatin_organization,TRUE
Tlk2,Tlk2,Chromatin_organization,TRUE
Tnp1,Tnp1,Chromatin_organization,TRUE
Tnp2,Tnp2,Chromatin_organization,TRUE
Tonsl,Tonsl,Chromatin_organization,TRUE
Trim27,Trim27,Chromatin_organization,TRUE
Trrap,Trrap,Chromatin_organization,TRUE
Tsix,Tsix,Chromatin_organization,TRUE
Tssk6,Tssk6,Chromatin_organization,TRUE
Tti1,Tti1,Chromatin_organization,TRUE
Ubn1,Ubn1,Chromatin_organization,TRUE
Ubn2,Ubn2,Chromatin_organization,TRUE
Ubr2,Ubr2,Chromatin_organization,TRUE
Uchl5,Uchl5,Chromatin_organization,TRUE
Uhrf1,Uhrf1,Chromatin_organization,TRUE
Uimc1,Uimc1,Chromatin_organization,TRUE
Usp16,Usp16,Chromatin_organization,TRUE
Usp21,Usp21,Chromatin_organization,TRUE
Usp22,Usp22,Chromatin_organization,TRUE
Usp49,Usp49,Chromatin_organization,TRUE
Utp3,Utp3,Chromatin_organization,TRUE
Vps72,Vps72,Chromatin_organization,TRUE
Wdr5,Wdr5,Chromatin_organization,TRUE
Xist,Xist,Chromatin_organization,TRUE
Yeats2,Yeats2,Chromatin_organization,TRUE
Yeats4,Yeats4,Chromatin_organization,TRUE
Ythdc1,Ythdc1,Chromatin_organization,TRUE
Zdbf2,Zdbf2,Chromatin_organization,TRUE
Zfp42,Zfp42,Chromatin_organization,TRUE
Zfp335,Zfp335,Chromatin_organization,TRUE
Brca2,Brca2,Histone_modifying_enzyme,TRUE
Cdyl,Cdyl,Histone_modifying_enzyme,TRUE
Crebbp,Crebbp,Histone_modifying_enzyme,TRUE
Gtf2b,Gtf2b,Histone_modifying_enzyme,TRUE
Gtf3c4,Gtf3c4,Histone_modifying_enzyme,TRUE
Hat1,Hat1,Histone_modifying_enzyme,TRUE
Kat2a,Kat2a,Histone_modifying_enzyme,TRUE
Kat2b,Kat2b,Histone_modifying_enzyme,TRUE
Kat5,Kat5,Histone_modifying_enzyme,TRUE
Kat6a,Kat6a,Histone_modifying_enzyme,TRUE
Kat6b,Kat6b,Histone_modifying_enzyme,TRUE
Kat7,Kat7,Histone_modifying_enzyme,TRUE
Kat8,Kat8,Histone_modifying_enzyme,TRUE
Kat14,Kat14,Histone_modifying_enzyme,TRUE
Mcm3ap,Mcm3ap,Histone_modifying_enzyme,TRUE
Mettl8,Mettl8,Histone_modifying_enzyme,TRUE
Msl3,Msl3,Histone_modifying_enzyme,TRUE
Naa40,Naa40,Histone_modifying_enzyme,TRUE
Naa50,Naa50,Histone_modifying_enzyme,TRUE
Naa60,Naa60,Histone_modifying_enzyme,TRUE
Nat8f3,Nat8f3,Histone_modifying_enzyme,TRUE
Nat8f7,Nat8f7,Histone_modifying_enzyme,TRUE
Ncoa1,Ncoa1,Histone_modifying_enzyme,TRUE
Ncoa3,Ncoa3,Histone_modifying_enzyme,TRUE
Tada2a,Tada2a,Histone_modifying_enzyme,TRUE
Taf1,Taf1,Histone_modifying_enzyme,TRUE
Atxn3,Atxn3,Histone_modifying_enzyme,TRUE
Hdac1,Hdac1,Histone_modifying_enzyme,TRUE
Hdac2,Hdac2,Histone_modifying_enzyme,TRUE
Hdac3,Hdac3,Histone_modifying_enzyme,TRUE
Hdac4,Hdac4,Histone_modifying_enzyme,TRUE
Hdac5,Hdac5,Histone_modifying_enzyme,TRUE
Hdac6,Hdac6,Histone_modifying_enzyme,TRUE
Hdac7,Hdac7,Histone_modifying_enzyme,TRUE
Hdac8,Hdac8,Histone_modifying_enzyme,TRUE
Hdac9,Hdac9,Histone_modifying_enzyme,TRUE
Hdac10,Hdac10,Histone_modifying_enzyme,TRUE
Hdac11,Hdac11,Histone_modifying_enzyme,TRUE
Mier1,Mier1,Histone_modifying_enzyme,TRUE
Mier2,Mier2,Histone_modifying_enzyme,TRUE
Mta2,Mta2,Histone_modifying_enzyme,TRUE
Sirt1,Sirt1,Histone_modifying_enzyme,TRUE
Sirt2,Sirt2,Histone_modifying_enzyme,TRUE
Sirt3,Sirt3,Histone_modifying_enzyme,TRUE
Sirt6,Sirt6,Histone_modifying_enzyme,TRUE
Sirt7,Sirt7,Histone_modifying_enzyme,TRUE
Suds3,Suds3,Histone_modifying_enzyme,TRUE
Fbxl19,Fbxl19,Histone_modifying_enzyme,TRUE
Hr,Hr,Histone_modifying_enzyme,TRUE
Jmjd1c,Jmjd1c,Histone_modifying_enzyme,TRUE
Jmjd6,Jmjd6,Histone_modifying_enzyme,TRUE
Kdm1a,Kdm1a,Histone_modifying_enzyme,TRUE
Kdm1b,Kdm1b,Histone_modifying_enzyme,TRUE
Kdm2a,Kdm2a,Histone_modifying_enzyme,TRUE
Kdm2b,Kdm2b,Histone_modifying_enzyme,TRUE
Kdm3a,Kdm3a,Histone_modifying_enzyme,TRUE
Kdm3b,Kdm3b,Histone_modifying_enzyme,TRUE
Kdm4a,Kdm4a,Histone_modifying_enzyme,TRUE
Kdm4b,Kdm4b,Histone_modifying_enzyme,TRUE
Kdm4c,Kdm4c,Histone_modifying_enzyme,TRUE
Kdm4d,Kdm4d,Histone_modifying_enzyme,TRUE
Kdm4dl,Kdm4dl,Histone_modifying_enzyme,TRUE
Kdm5a,Kdm5a,Histone_modifying_enzyme,TRUE
Kdm5b,Kdm5b,Histone_modifying_enzyme,TRUE
Kdm5c,Kdm5c,Histone_modifying_enzyme,TRUE
Kdm5d,Kdm5d,Histone_modifying_enzyme,TRUE
Kdm6a,Kdm6a,Histone_modifying_enzyme,TRUE
Kdm6b,Kdm6b,Histone_modifying_enzyme,TRUE
Kdm7a,Kdm7a,Histone_modifying_enzyme,TRUE
Kdm8,Kdm8,Histone_modifying_enzyme,TRUE
Phf2,Phf2,Histone_modifying_enzyme,TRUE
Phf8,Phf8,Histone_modifying_enzyme,TRUE
Ash1l,Ash1l,Histone_modifying_enzyme,TRUE
Ash2l,Ash2l,Histone_modifying_enzyme,TRUE
Carm1,Carm1,Histone_modifying_enzyme,TRUE
Cxxc1,Cxxc1,Histone_modifying_enzyme,TRUE
Dot1l,Dot1l,Histone_modifying_enzyme,TRUE
Eed,Eed,Histone_modifying_enzyme,TRUE
Ehmt1,Ehmt1,Histone_modifying_enzyme,TRUE
Ehmt2,Ehmt2,Histone_modifying_enzyme,TRUE
Ezh1,Ezh1,Histone_modifying_enzyme,TRUE
Ezh2,Ezh2,Histone_modifying_enzyme,TRUE
Fbl,Fbl,Histone_modifying_enzyme,TRUE
Fbll1,Fbll1,Histone_modifying_enzyme,TRUE
Jarid2,Jarid2,Histone_modifying_enzyme,TRUE
Kmt2a,Kmt2a,Histone_modifying_enzyme,TRUE
Kmt2b,Kmt2b,Histone_modifying_enzyme,TRUE
Kmt2c,Kmt2c,Histone_modifying_enzyme,TRUE
Kmt5a,Kmt5a,Histone_modifying_enzyme,TRUE
Kmt5b,Kmt5b,Histone_modifying_enzyme,TRUE
Kmt5c,Kmt5c,Histone_modifying_enzyme,TRUE
Mettl23,Mettl23,Histone_modifying_enzyme,TRUE
N6amt1,N6amt1,Histone_modifying_enzyme,TRUE
Nsd1,Nsd1,Histone_modifying_enzyme,TRUE
Nsd2,Nsd2,Histone_modifying_enzyme,TRUE
Nsd3,Nsd3,Histone_modifying_enzyme,TRUE
Ntmt1,Ntmt1,Histone_modifying_enzyme,TRUE
Prdm6,Prdm6,Histone_modifying_enzyme,TRUE
Prdm8,Prdm8,Histone_modifying_enzyme,TRUE
Prdm9,Prdm9,Histone_modifying_enzyme,TRUE
Prdm13,Prdm13,Histone_modifying_enzyme,TRUE
Prmt1,Prmt1,Histone_modifying_enzyme,TRUE
Prmt2,Prmt2,Histone_modifying_enzyme,TRUE
Prmt5,Prmt5,Histone_modifying_enzyme,TRUE
Prmt6,Prmt6,Histone_modifying_enzyme,TRUE
Prmt7,Prmt7,Histone_modifying_enzyme,TRUE
Prmt8,Prmt8,Histone_modifying_enzyme,TRUE
Rbbp5,Rbbp5,Histone_modifying_enzyme,TRUE
Setbp1,Setbp1,Histone_modifying_enzyme,TRUE
Setd1a,Setd1a,Histone_modifying_enzyme,TRUE
Setd1b,Setd1b,Histone_modifying_enzyme,TRUE
Setd2,Setd2,Histone_modifying_enzyme,TRUE
Setd3,Setd3,Histone_modifying_enzyme,TRUE
Setd4,Setd4,Histone_modifying_enzyme,TRUE
Setd5,Setd5,Histone_modifying_enzyme,TRUE
Setd7,Setd7,Histone_modifying_enzyme,TRUE
Setdb1,Setdb1,Histone_modifying_enzyme,TRUE
Setdb2,Setdb2,Histone_modifying_enzyme,TRUE
Setmar,Setmar,Histone_modifying_enzyme,TRUE
Smyd1,Smyd1,Histone_modifying_enzyme,TRUE
Smyd2,Smyd2,Histone_modifying_enzyme,TRUE
Smyd3,Smyd3,Histone_modifying_enzyme,TRUE
Smyd5,Smyd5,Histone_modifying_enzyme,TRUE
Suv39h1,Suv39h1,Histone_modifying_enzyme,TRUE
Suv39h2,Suv39h2,Histone_modifying_enzyme,TRUE
Bclaf1,Bclaf1,TAF-MED,TRUE
Bclaf3,Bclaf3,TAF-MED,TRUE
Ccnc,Ccnc,TAF-MED,TRUE
Cdk4,Cdk4,TAF-MED,TRUE
Cdk6,Cdk6,TAF-MED,TRUE
Cdk8,Cdk8,TAF-MED,TRUE
Cdk9,Cdk9,TAF-MED,TRUE
Cdk19,Cdk19,TAF-MED,TRUE
Gm20517,Gm20517,TAF-MED,TRUE
Med1,Med1,TAF-MED,TRUE
Med4,Med4,TAF-MED,TRUE
Med6,Med6,TAF-MED,TRUE
Med7,Med7,TAF-MED,TRUE
Med8,Med8,TAF-MED,TRUE
Med9,Med9,TAF-MED,TRUE
Med10,Med10,TAF-MED,TRUE
Med11,Med11,TAF-MED,TRUE
Med12,Med12,TAF-MED,TRUE
Med12l,Med12l,TAF-MED,TRUE
Med13,Med13,TAF-MED,TRUE
Med13l,Med13l,TAF-MED,TRUE
Med14,Med14,TAF-MED,TRUE
Med15,Med15,TAF-MED,TRUE
Med16,Med16,TAF-MED,TRUE
Med17,Med17,TAF-MED,TRUE
Med18,Med18,TAF-MED,TRUE
Med19,Med19,TAF-MED,TRUE
Med20,Med20,TAF-MED,TRUE
Med21,Med21,TAF-MED,TRUE
Med22,Med22,TAF-MED,TRUE
Med23,Med23,TAF-MED,TRUE
Med24,Med24,TAF-MED,TRUE
Med25,Med25,TAF-MED,TRUE
Med26,Med26,TAF-MED,TRUE
Med27,Med27,TAF-MED,TRUE
Med28,Med28,TAF-MED,TRUE
Med29,Med29,TAF-MED,TRUE
Med30,Med30,TAF-MED,TRUE
Med31,Med31,TAF-MED,TRUE
Ppargc1b,Ppargc1b,TAF-MED,TRUE
Thrap3,Thrap3,TAF-MED,TRUE
Egfl7,Mir126a,MiRNA_HG,TRUE
AC124108.1,Mir135b,MiRNA_HG,TRUE
Gm27029,Mir6929,MiRNA_HG,TRUE
Acvr1b,Mir6962,MiRNA_HG,TRUE
Syne2,Mir5101,MiRNA_HG,TRUE
Cep170,Mir350,MiRNA_HG,TRUE
Tlcd2,Mir22,MiRNA_HG,TRUE
Myh7b,Mir499,MiRNA_HG,TRUE
Copz2,Mir152,MiRNA_HG,TRUE
F630028O10Rik,Mir223,MiRNA_HG,TRUE
Gm28119,Mir125b-1,MiRNA_HG,TRUE
Itga5,Mir6963,MiRNA_HG,TRUE
Fam114a1,Mir574,MiRNA_HG,TRUE
Atp9a,Mir7004,MiRNA_HG,TRUE
C130071C03Rik,Mir9-2,MiRNA_HG,TRUE
Lpp,Mir28a,MiRNA_HG,TRUE
Grtp1,Mir1968,MiRNA_HG,TRUE
Myh7,Mir208b,MiRNA_HG,TRUE
Ptges3l,Mir6929,MiRNA_HG,TRUE
Ttc28,Mir701,MiRNA_HG,TRUE
Snhg20,Mir6516,MiRNA_HG,TRUE
Troap,Mir6960,MiRNA_HG,TRUE
Alg10b,Mir7648,MiRNA_HG,TRUE
Cfb,Mir6972,MiRNA_HG,TRUE
C2cd2,Mir6964,MiRNA_HG,TRUE
Chm,Mir361,MiRNA_HG,TRUE
Glce,Mir5133,MiRNA_HG,TRUE
Add1,Mir7036b,MiRNA_HG,TRUE
Atp6v0a1,Mir6928,MiRNA_HG,TRUE
Samd4b,Mir7049,MiRNA_HG,TRUE
Raver1,Mir7082,MiRNA_HG,TRUE
Pink1,Mir7019,MiRNA_HG,TRUE
Tatdn2,Mir7042,MiRNA_HG,TRUE
Ncl,mmu-mir-3535,MiRNA_HG,TRUE
Dock5,Mir6539,MiRNA_HG,TRUE
Pak4,Mir7049,MiRNA_HG,TRUE
AL805899.1,Mir31,MiRNA_HG,TRUE
Sbf1,Mir6959,MiRNA_HG,TRUE
Rpl13a,Mir5121,MiRNA_HG,TRUE
Itpk1,Mir1936,MiRNA_HG,TRUE
B3galt1,Mir7224,MiRNA_HG,TRUE
Smurf1,Mir7039,MiRNA_HG,TRUE
Myh3,Mir6923,MiRNA_HG,TRUE
Oaz1,Mir1982,MiRNA_HG,TRUE
Adam19,Mir8100,MiRNA_HG,TRUE
Scd2,Mir5114,MiRNA_HG,TRUE
Trmt1l,Mir7682,MiRNA_HG,TRUE
Tbkbp1,Mir7235,MiRNA_HG,TRUE
Akt1,Mir6939,MiRNA_HG,TRUE
Gap43,Mir6540,MiRNA_HG,TRUE
P2rx7,Mir8115,MiRNA_HG,TRUE
Xkr6,Mir598,MiRNA_HG,TRUE
Mgat4b,Mir6919,MiRNA_HG,TRUE
Cdk17,Mir1931,MiRNA_HG,TRUE
Anxa5,Mir7009,MiRNA_HG,TRUE
Slit2,Mir218-1,MiRNA_HG,TRUE
Irak1,Mir5132,MiRNA_HG,TRUE
Wdfy2,Mir8098,MiRNA_HG,TRUE
Tectb,Mir6715,MiRNA_HG,TRUE
Ecm1,Mir7014,MiRNA_HG,TRUE
Ddhd1,Mir5131,MiRNA_HG,TRUE
Plxnb2,Mir7118,MiRNA_HG,TRUE
Rasa4,Mir7035,MiRNA_HG,TRUE
Slc9a1,Mir5122,MiRNA_HG,TRUE
Ints1,Mir7037,MiRNA_HG,TRUE
Fads1,Mir6993,MiRNA_HG,TRUE
Pank2,Mir103-2,MiRNA_HG,TRUE
Mroh1,Mir6954,MiRNA_HG,TRUE
AA467197,Mir147,MiRNA_HG,TRUE
Acly,Mir7116,MiRNA_HG,TRUE
Ripor1,Mir1966,MiRNA_HG,TRUE
Anxa2,Mir3109,MiRNA_HG,TRUE
C3,Mir6978,MiRNA_HG,TRUE
Plod3,Mir702,MiRNA_HG,TRUE
Patl1,Mir6994,MiRNA_HG,TRUE
Pank3,Mir103-1,MiRNA_HG,TRUE
Slc17a7,Mir7055,MiRNA_HG,TRUE
Ugp2,Mir1933,MiRNA_HG,TRUE
Gm35853,Mir1941,MiRNA_HG,TRUE
Smap2,Mir7015,MiRNA_HG,TRUE
Plekha1,Mir7061,MiRNA_HG,TRUE
Cd74,Mir5107,MiRNA_HG,TRUE
Pgs1,Mir6933,MiRNA_HG,TRUE
Tmem94,Mir5621,MiRNA_HG,TRUE
Tkt,Mir3076,MiRNA_HG,TRUE
Rcan3,Mir700,MiRNA_HG,TRUE
Gm17494,Mir760,MiRNA_HG,TRUE
Pank1,Mir107,MiRNA_HG,TRUE
Col27a1,Mir455,MiRNA_HG,TRUE
D030055H07Rik,Mir135a-1,MiRNA_HG,TRUE
Sgcz,Mir383,MiRNA_HG,TRUE
Dbn1,Mir6944,MiRNA_HG,TRUE
Wasf2,Mir7017,MiRNA_HG,TRUE
Dennd6b,Mir6958,MiRNA_HG,TRUE
Sptan1,Mir6997,MiRNA_HG,TRUE
Jag2,Mir6941,MiRNA_HG,TRUE
Tango2,Mir185,MiRNA_HG,TRUE
Rabac1,Mir7046,MiRNA_HG,TRUE
Eml2,Mir330,MiRNA_HG,TRUE
2210011C24Rik,Mir1199,MiRNA_HG,TRUE
Baiap3,Mir3547,MiRNA_HG,TRUE
Gpc1,Mir149,MiRNA_HG,TRUE
Trpm1,Mir211,MiRNA_HG,TRUE
Shank2,Mir3105,MiRNA_HG,TRUE
Hip1r,Mir7032,MiRNA_HG,TRUE
Narfl,Mir6966,MiRNA_HG,TRUE
Apba3,Mir3057,MiRNA_HG,TRUE
Gm49394,Mir483,MiRNA_HG,TRUE
Boc,Mir3081,MiRNA_HG,TRUE
Rgs12,Mir3097,MiRNA_HG,TRUE
Gm2044,Mir202,MiRNA_HG,TRUE
Cnot1,Mir7073,MiRNA_HG,TRUE
Dohh,Mir6913,MiRNA_HG,TRUE
Ndufa10,Mir6900,MiRNA_HG,TRUE
Smoc1,Mir3067,MiRNA_HG,TRUE
Ryr1,Mir1963,MiRNA_HG,TRUE
Vmp1,Mir21a,MiRNA_HG,TRUE
Ank,Mir7117,MiRNA_HG,TRUE
AC157910.3,Mir122,MiRNA_HG,TRUE
Nexmif,Mir672,MiRNA_HG,TRUE
Map4k2,Mir6989,MiRNA_HG,TRUE
Tbc1d16,Mir6934,MiRNA_HG,TRUE
Klhl3,Mir874,MiRNA_HG,TRUE
Rabgap1l,Mir1927,MiRNA_HG,TRUE
Chrm2,Mir490,MiRNA_HG,TRUE
Fgf13,Mir504,MiRNA_HG,TRUE
2010111I01Rik,Mir23b,MiRNA_HG,TRUE
2610318N02Rik,Mir301b,MiRNA_HG,TRUE
2700081O15Rik,Mir6991,MiRNA_HG,TRUE
A330023F24Rik,Mir29c,MiRNA_HG,TRUE
A430106G13Rik,Mir181b-1,MiRNA_HG,TRUE
Arpp21,Mir128-2,MiRNA_HG,TRUE
Astn1,Mir488,MiRNA_HG,TRUE
Calcr,Mir653,MiRNA_HG,TRUE
Cdc20b,Mir449b,MiRNA_HG,TRUE
Clcn5,Mir188,MiRNA_HG,TRUE
Dio3os,Mir1247,MiRNA_HG,TRUE
Dock6,Mir7083,MiRNA_HG,TRUE
Evl,Mir342,MiRNA_HG,TRUE
Gabre,Mir224,MiRNA_HG,TRUE
Gm16863,Mir7680,MiRNA_HG,TRUE
Gm28653,Mir206,MiRNA_HG,TRUE
Gm4258,Mir181a-1,MiRNA_HG,TRUE
Gm49317,Mir100,MiRNA_HG,TRUE
Gucy1a1,Mir7010,MiRNA_HG,TRUE
Htr2c,Mir1298,MiRNA_HG,TRUE
Igf2,Mir483,MiRNA_HG,TRUE
Josd2,Mir7052,MiRNA_HG,TRUE
Mest,Mir335,MiRNA_HG,TRUE
Mir124-2hg,Mir124a-2,MiRNA_HG,TRUE
Mir124a-1hg,Mir124a-1,MiRNA_HG,TRUE
Mir133a-1hg,Mir133a-1,MiRNA_HG,TRUE
Mir155hg,Mir155,MiRNA_HG,TRUE
Mir17hg,Mir19b-1,MiRNA_HG,TRUE
Mir22hg,Mir22,MiRNA_HG,TRUE
Mir670hg,Mir670,MiRNA_HG,TRUE
Mir9-3hg,Mir9-3,MiRNA_HG,TRUE
Mir99ahg,Mir125b-2,MiRNA_HG,TRUE
Mirg,Mir134,MiRNA_HG,TRUE
Nanos3,Mir181d,MiRNA_HG,TRUE
Nav1,Mir1231,MiRNA_HG,TRUE
Pde2a,Mir139,MiRNA_HG,TRUE
Pdlim7,Mir6945,MiRNA_HG,TRUE
Sh2b3,Mir7031,MiRNA_HG,TRUE
Tmem164,Mir652,MiRNA_HG,TRUE
Trpm3,Mir204,MiRNA_HG,TRUE
Ttll10,Mir429,MiRNA_HG,TRUE
Atf7ip,Atf7ip,TAF-MED,TRUE
Bdp1,Bdp1,TAF-MED,TRUE
Brf1,Brf1,TAF-MED,TRUE
Brf2,Brf2,TAF-MED,TRUE
Cand1,Cand1,TAF-MED,TRUE
Cavin1,Cavin1,TAF-MED,TRUE
Ccnh,Ccnh,TAF-MED,TRUE
Cdk7,Cdk7,TAF-MED,TRUE
Crcp,Crcp,TAF-MED,TRUE
Ctnnbip1,Ctnnbip1,TAF-MED,TRUE
Dhx36,Dhx36,TAF-MED,TRUE
Dr1,Dr1,TAF-MED,TRUE
Elob,Elob,TAF-MED,TRUE
Eloc,Eloc,TAF-MED,TRUE
Ercc1,Ercc1,TAF-MED,TRUE
Ercc3,Ercc3,TAF-MED,TRUE
Ercc6,Ercc6,TAF-MED,TRUE
Gtf2a1,Gtf2a1,TAF-MED,TRUE
Gtf2a1l,Gtf2a1l,TAF-MED,TRUE
Gtf2a2,Gtf2a2,TAF-MED,TRUE
Gtf2e1,Gtf2e1,TAF-MED,TRUE
Gtf2e2,Gtf2e2,TAF-MED,TRUE
Gtf2f1,Gtf2f1,TAF-MED,TRUE
Gtf2f2,Gtf2f2,TAF-MED,TRUE
Gtf2h5,Gtf2h5,TAF-MED,TRUE
Gtf3c1,Gtf3c1,TAF-MED,TRUE
Gtf3c5,Gtf3c5,TAF-MED,TRUE
Hmgb1,Hmgb1,TAF-MED,TRUE
Lipe,Lipe,TAF-MED,TRUE
Morc1,Morc1,TAF-MED,TRUE
Mterf1b,Mterf1b,TAF-MED,TRUE
Ncoa6,Ncoa6,TAF-MED,TRUE
Paxip1,Paxip1,TAF-MED,TRUE
Polr1e,Polr1e,TAF-MED,TRUE
Polr2d,Polr2d,TAF-MED,TRUE
Polr2g,Polr2g,TAF-MED,TRUE
Polr2i,Polr2i,TAF-MED,TRUE
Polr3h,Polr3h,TAF-MED,TRUE
Polrmt,Polrmt,TAF-MED,TRUE
Psmc6,Psmc6,TAF-MED,TRUE
Pwwp2a,Pwwp2a,TAF-MED,TRUE
Rrn3,Rrn3,TAF-MED,TRUE
Rsf1,Rsf1,TAF-MED,TRUE
Setx,Setx,TAF-MED,TRUE
Smarca5,Smarca5,TAF-MED,TRUE
Snapc5,Snapc5,TAF-MED,TRUE
Sub1,Sub1,TAF-MED,TRUE
Taf1b,Taf1b,TAF-MED,TRUE
Taf2,Taf2,TAF-MED,TRUE
Taf3,Taf3,TAF-MED,TRUE
Taf4,Taf4,TAF-MED,TRUE
Taf4b,Taf4b,TAF-MED,TRUE
Taf5,Taf5,TAF-MED,TRUE
Taf6,Taf6,TAF-MED,TRUE
Taf6l,Taf6l,TAF-MED,TRUE
Taf7,Taf7,TAF-MED,TRUE
Taf7l,Taf7l,TAF-MED,TRUE
Taf8,Taf8,TAF-MED,TRUE
Taf9,Taf9,TAF-MED,TRUE
Taf9b,Taf9b,TAF-MED,TRUE
Taf10,Taf10,TAF-MED,TRUE
Taf11,Taf11,TAF-MED,TRUE
Taf12,Taf12,TAF-MED,TRUE
Taf13,Taf13,TAF-MED,TRUE
Tbp,Tbp,TAF-MED,TRUE
Tbpl1,Tbpl1,TAF-MED,TRUE
Tbpl2,Tbpl2,TAF-MED,TRUE
Ttf1,Ttf1,TAF-MED,TRUE
Ubtf,Ubtf,TAF-MED,TRUE
Wnt10b,Wnt10b,TAF-MED,TRUE
Xpa,Xpa,TAF-MED,TRUE
Zfp451,Zfp451,TAF-MED,TRUE
Zfy1,Zfy1,TF,TRUE
Zfy2,Zfy2,TF,TRUE
Sry,Sry,TF,TRUE
Srebf2,Srebf2,TF,TRUE
Zfp397,Zfp397,TF,TRUE
Ylpm1,Ylpm1,TF,TRUE
Zfp35,Zfp35,TF,TRUE
Zfp24,Zfp24,TF,TRUE
Prox2,Prox2,TF,TRUE
Nfe2,Nfe2,TF,TRUE
Zhx2,Zhx2,TF,TRUE
Nr1i2,Nr1i2,TF,TRUE
Cdx1,Cdx1,TF,TRUE
E2f6,E2f6,TF,TRUE
Dach1,Dach1,TF,TRUE
Nkrf,Nkrf,TF,TRUE
Insm2,Insm2,TF,TRUE
Zfp275,Zfp275,TF,TRUE
Zfp92,Zfp92,TF,TRUE
Fos,Fos,TF,TRUE
Jdp2,Jdp2,TF,TRUE
Batf,Batf,TF,TRUE
Klf5,Klf5,TF,TRUE
Klf12,Klf12,TF,TRUE
Snai2,Snai2,TF,TRUE
Rhox3a,Rhox3a,TF,TRUE
Rhox3a2,Rhox3a2,TF,TRUE
Npas4,Npas4,TF,TRUE
Rhox3c,Rhox3c,TF,TRUE
Tcf20,Tcf20,TF,TRUE
5730507C01Rik,5730507C01Rik,TF,TRUE
Foxd4,Foxd4,TF,TRUE
Olig2,Olig2,TF,TRUE
Olig1,Olig1,TF,TRUE
Zbtb20,Zbtb20,TF,TRUE
Rhox3e,Rhox3e,TF,TRUE
Rhox3f,Rhox3f,TF,TRUE
Rhox3g,Rhox3g,TF,TRUE
Tbx22,Tbx22,TF,TRUE
Tfap2a,Tfap2a,TF,TRUE
Rhox3h,Rhox3h,TF,TRUE
Cebpd,Cebpd,TF,TRUE
Myc,Myc,TF,TRUE
Rhox10,Rhox10,TF,TRUE
Rhox11,Rhox11,TF,TRUE
Rhox13,Rhox13,TF,TRUE
Zbtb33,Zbtb33,TF,TRUE
Dmrt1,Dmrt1,TF,TRUE
Gm10139,Gm10139,TF,TRUE
Dmrt3,Dmrt3,TF,TRUE
Dmrt2,Dmrt2,TF,TRUE
Nkx2-1,Nkx2-1,TF,TRUE
Nkx2-9,Nkx2-9,TF,TRUE
Pax9,Pax9,TF,TRUE
Pou3f4,Pou3f4,TF,TRUE
Gcm2,Gcm2,TF,TRUE
Zscan12,Zscan12,TF,TRUE
Zfp712,Zfp712,TF,TRUE
Fosl1,Fosl1,TF,TRUE
Pou4f1,Pou4f1,TF,TRUE
Zfp708,Zfp708,TF,TRUE
Gm28557,Gm28557,TF,TRUE
Rslcan18,Rslcan18,TF,TRUE
Zfp759,Zfp759,TF,TRUE
Zscan26,Zscan26,TF,TRUE
Rsl1,Rsl1,TF,TRUE
Zfp455,Zfp455,TF,TRUE
Zfp458,Zfp458,TF,TRUE
Hesx1,Hesx1,TF,TRUE
Zfp457,Zfp457,TF,TRUE
Foxa1,Foxa1,TF,TRUE
Zfp595,Zfp595,TF,TRUE
Hdx,Hdx,TF,TRUE
Zfp953,Zfp953,TF,TRUE
Gm28041,Gm28041,TF,TRUE
Zfp456,Zfp456,TF,TRUE
Hivep1,Hivep1,TF,TRUE
Zfp429,Zfp429,TF,TRUE
Zfp459,Zfp459,TF,TRUE
Zfp874a,Zfp874a,TF,TRUE
Esrrb,Esrrb,TF,TRUE
Ovol1,Ovol1,TF,TRUE
Zfp184,Zfp184,TF,TRUE
Zfp874b,Zfp874b,TF,TRUE
Zfp58,Zfp58,TF,TRUE
Onecut2,Onecut2,TF,TRUE
Zfp87,Zfp87,TF,TRUE
Zfp748,Zfp748,TF,TRUE
Zfp729b,Zfp729b,TF,TRUE
Gm49345,Gm49345,TF,TRUE
Zfp729a,Zfp729a,TF,TRUE
Zfp738,Zfp738,TF,TRUE
Zfp65,Zfp65,TF,TRUE
Zfp85,Zfp85,TF,TRUE
Zfp493,Zfp493,TF,TRUE
Dach2,Dach2,TF,TRUE
Sox21,Sox21,TF,TRUE
Gm9376,Gm9376,TF,TRUE
Foxd1,Foxd1,TF,TRUE
Zfp273,Zfp273,TF,TRUE
Rela,Rela,TF,TRUE
Ppara,Ppara,TF,TRUE
Gata4,Gata4,TF,TRUE
Grhl1,Grhl1,TF,TRUE
Tgif2lx2,Tgif2lx2,TF,TRUE
Tgif2lx1,Tgif2lx1,TF,TRUE
Klf11,Klf11,TF,TRUE
Egr1,Egr1,TF,TRUE
Hic2,Hic2,TF,TRUE
Sox7,Sox7,TF,TRUE
Zfp322a,Zfp322a,TF,TRUE
4932411N23Rik,4932411N23Rik,TF,TRUE
Rfx3,Rfx3,TF,TRUE
Zfp366,Zfp366,TF,TRUE
Zfp395,Zfp395,TF,TRUE
Zfp983,Zfp983,TF,TRUE
Six2,Six2,TF,TRUE
Gm10226,Gm10226,TF,TRUE
Zfp760,Zfp760,TF,TRUE
Zfp229,Zfp229,TF,TRUE
Pura,Pura,TF,TRUE
Zfp820,Zfp820,TF,TRUE
Glis3,Glis3,TF,TRUE
Zfp995,Zfp995,TF,TRUE
Zfp942,Zfp942,TF,TRUE
Zfp943,Zfp943,TF,TRUE
Zfp947,Zfp947,TF,TRUE
Zfp994,Zfp994,TF,TRUE
Zfp944,Zfp944,TF,TRUE
Zfp758,Zfp758,TF,TRUE
Epas1,Epas1,TF,TRUE
Zfp946,Zfp946,TF,TRUE
Foxp4,Foxp4,TF,TRUE
Runx1,Runx1,TF,TRUE
Sox11,Sox11,TF,TRUE
Zfp945,Zfp945,TF,TRUE
Rfx5,Rfx5,TF,TRUE
Zfp40,Zfp40,TF,TRUE
Zfp213,Zfp213,TF,TRUE
Sox2,Sox2,TF,TRUE
Zfp13,Zfp13,TF,TRUE
Irx1,Irx1,TF,TRUE
Irx2,Irx2,TF,TRUE
Zscan10,Zscan10,TF,TRUE
Irx4,Irx4,TF,TRUE
Nanog,Nanog,TF,TRUE
Gata2,Gata2,TF,TRUE
Bbx,Bbx,TF,TRUE
Foxj2,Foxj2,TF,TRUE
Sim2,Sim2,TF,TRUE
Foxn2,Foxn2,TF,TRUE
Zfat,Zfat,TF,TRUE
Nfya,Nfya,TF,TRUE
Vax1,Vax1,TF,TRUE
Emx2,Emx2,TF,TRUE
Foxi3,Foxi3,TF,TRUE
Myt1l,Myt1l,TF,TRUE
Ebf2,Ebf2,TF,TRUE
Foxr2,Foxr2,TF,TRUE
Klf8,Klf8,TF,TRUE
Zfp169,Zfp169,TF,TRUE
Zbtb11,Zbtb11,TF,TRUE
Elf4,Elf4,TF,TRUE
Barx1,Barx1,TF,TRUE
Nobox,Nobox,TF,TRUE
Zfp950,Zfp950,TF,TRUE
Rax,Rax,TF,TRUE
Ctcf,Ctcf,TF,TRUE
Satb1,Satb1,TF,TRUE
Nr3c2,Nr3c2,TF,TRUE
Gm21060,Gm21060,TF,TRUE
Gsc2,Gsc2,TF,TRUE
Mycs,Mycs,TF,TRUE
Rfx4,Rfx4,TF,TRUE
Zfp280c,Zfp280c,TF,TRUE
Nkx2-6,Nkx2-6,TF,TRUE
Nkx3-1,Nkx3-1,TF,TRUE
Zfp119a,Zfp119a,TF,TRUE
Zfp959,Zfp959,TF,TRUE
Zfp119b,Zfp119b,TF,TRUE
Mbtps2,Mbtps2,TF,TRUE
Yy2,Yy2,TF,TRUE
Thap11,Thap11,TF,TRUE
Pou4f2,Pou4f2,TF,TRUE
Egr3,Egr3,TF,TRUE
Sox1,Sox1,TF,TRUE
Zfp386,Zfp386,TF,TRUE
Men1,Men1,TF,TRUE
Fezf2,Fezf2,TF,TRUE
Foxn3,Foxn3,TF,TRUE
E4f1,E4f1,TF,TRUE
Prdm4,Prdm4,TF,TRUE
Mecp2,Mecp2,TF,TRUE
Zfp786,Zfp786,TF,TRUE
Ascl4,Ascl4,TF,TRUE
Smad1,Smad1,TF,TRUE
Zfp398,Zfp398,TF,TRUE
Zfp282,Zfp282,TF,TRUE
Stox1,Stox1,TF,TRUE
Nr3c1,Nr3c1,TF,TRUE
Gm19965,Gm19965,TF,TRUE
Gm28363,Gm28363,TF,TRUE
B020011L13Rik,B020011L13Rik,TF,TRUE
Gm28360,Gm28360,TF,TRUE
Zfp212,Zfp212,TF,TRUE
Zbtb16,Zbtb16,TF,TRUE
Gm28168,Gm28168,TF,TRUE
Gm7145,Gm7145,TF,TRUE
Gm29106,Gm29106,TF,TRUE
Tbx1,Tbx1,TF,TRUE
Zfp956,Zfp956,TF,TRUE
Zfp777,Zfp777,TF,TRUE
Erg,Erg,TF,TRUE
Lhx8,Lhx8,TF,TRUE
Zfp72,Zfp72,TF,TRUE
Pou4f3,Pou4f3,TF,TRUE
Tcerg1,Tcerg1,TF,TRUE
Zfp746,Zfp746,TF,TRUE
Mybl1,Mybl1,TF,TRUE
Nfatc3,Nfatc3,TF,TRUE
Foxp3,Foxp3,TF,TRUE
Zfp825,Zfp825,TF,TRUE
Gm32717,Gm32717,TF,TRUE
Gm32802,Gm32802,TF,TRUE
Sox4,Sox4,TF,TRUE
Gm9040,Gm9040,TF,TRUE
Gm9044,Gm9044,TF,TRUE
Gm9045,Gm9045,TF,TRUE
Gm9046,Gm9046,TF,TRUE
Gm9048,Gm9048,TF,TRUE
Gm9049,Gm9049,TF,TRUE
Ets2,Ets2,TF,TRUE
Pbx2,Pbx2,TF,TRUE
Osr2,Osr2,TF,TRUE
E2f3,E2f3,TF,TRUE
Zfp90,Zfp90,TF,TRUE
Zfp41,Zfp41,TF,TRUE
Ferd3l,Ferd3l,TF,TRUE
Twist1,Twist1,TF,TRUE
Sp4,Sp4,TF,TRUE
Atoh8,Atoh8,TF,TRUE
Sp8,Sp8,TF,TRUE
Zfp534,Zfp534,TF,TRUE
Zfp984,Zfp984,TF,TRUE
Zfp933,Zfp933,TF,TRUE
Zfp654,Zfp654,TF,TRUE
Mafa,Mafa,TF,TRUE
Zbtb18,Zbtb18,TF,TRUE
Irf4,Irf4,TF,TRUE
Pou1f1,Pou1f1,TF,TRUE
Gcm1,Gcm1,TF,TRUE
Klf15,Klf15,TF,TRUE
Zfp467,Zfp467,TF,TRUE
Sox5,Sox5,TF,TRUE
Grhl2,Grhl2,TF,TRUE
Eno1b,Eno1b,TF,TRUE
Pax3,Pax3,TF,TRUE
Foxq1,Foxq1,TF,TRUE
Hey2,Hey2,TF,TRUE
Ascl1,Ascl1,TF,TRUE
Foxf2,Foxf2,TF,TRUE
Foxc1,Foxc1,TF,TRUE
Rfx2,Rfx2,TF,TRUE
Barx2,Barx2,TF,TRUE
Ahr,Ahr,TF,TRUE
Dbx2,Dbx2,TF,TRUE
Tcf4,Tcf4,TF,TRUE
Atf6b,Atf6b,TF,TRUE
Atoh7,Atoh7,TF,TRUE
Klf10,Klf10,TF,TRUE
Fli1,Fli1,TF,TRUE
Arnt,Arnt,TF,TRUE
Nkx6-1,Nkx6-1,TF,TRUE
Ets1,Ets1,TF,TRUE
Meox2,Meox2,TF,TRUE
Otx2,Otx2,TF,TRUE
Tfb2m,Tfb2m,TF,TRUE
Nfil3,Nfil3,TF,TRUE
Nfat5,Nfat5,TF,TRUE
Dlx6,Dlx6,TF,TRUE
Zbtb21,Zbtb21,TF,TRUE
Msx2,Msx2,TF,TRUE
Gm12258,Gm12258,TF,TRUE
2810021J22Rik,2810021J22Rik,TF,TRUE
Zfp39,Zfp39,TF,TRUE
A630089N07Rik,A630089N07Rik,TF,TRUE
Tcf24,Tcf24,TF,TRUE
Dlx5,Dlx5,TF,TRUE
Zfp775,Zfp775,TF,TRUE
Zfp449,Zfp449,TF,TRUE
AI854703,AI854703,TF,TRUE
Esx1,Esx1,TF,TRUE
Spic,Spic,TF,TRUE
Etv1,Etv1,TF,TRUE
Zfhx3,Zfhx3,TF,TRUE
Gabpa,Gabpa,TF,TRUE
Bhlhe41,Bhlhe41,TF,TRUE
Six6,Six6,TF,TRUE
Six1,Six1,TF,TRUE
Six4,Six4,TF,TRUE
Egr2,Egr2,TF,TRUE
Vdr,Vdr,TF,TRUE
Glis1,Glis1,TF,TRUE
Dmrtb1,Dmrtb1,TF,TRUE
Zfp384,Zfp384,TF,TRUE
Helt,Helt,TF,TRUE
Hif1a,Hif1a,TF,TRUE
Smad4,Smad4,TF,TRUE
Zfp518a,Zfp518a,TF,TRUE
Bach1,Bach1,TF,TRUE
Tfdp1,Tfdp1,TF,TRUE
Zfp641,Zfp641,TF,TRUE
Zbtb12,Zbtb12,TF,TRUE
Zfp263,Zfp263,TF,TRUE
Zfp174,Zfp174,TF,TRUE
Zfp597,Zfp597,TF,TRUE
Pou5f2,Pou5f2,TF,TRUE
Nr1h4,Nr1h4,TF,TRUE
Zbtb7c,Zbtb7c,TF,TRUE
Trps1,Trps1,TF,TRUE
Smad2,Smad2,TF,TRUE
Nr2f1,Nr2f1,TF,TRUE
Skor2,Skor2,TF,TRUE
Zfp37,Zfp37,TF,TRUE
Casz1,Casz1,TF,TRUE
Rel,Rel,TF,TRUE
Zfp821,Zfp821,TF,TRUE
AI987944,AI987944,TF,TRUE
Ddn,Ddn,TF,TRUE
AW146154,AW146154,TF,TRUE
Foxg1,Foxg1,TF,TRUE
Gm43517,Gm43517,TF,TRUE
Gm6871,Gm6871,TF,TRUE
Zfp648,Zfp648,TF,TRUE
Irf2,Irf2,TF,TRUE
Bhlha15,Bhlha15,TF,TRUE
2610021A01Rik,2610021A01Rik,TF,TRUE
Zfp788,Zfp788,TF,TRUE
Kmt2d,Kmt2d,TF,TRUE
Rpf2,Rpf2,TF,TRUE
Rfx1,Rfx1,TF,TRUE
Zbtb3,Zbtb3,TF,TRUE
Bcl11a,Bcl11a,TF,TRUE
Gsc,Gsc,TF,TRUE
Esr2,Esr2,TF,TRUE
Zfp612,Zfp612,TF,TRUE
Nr2c2,Nr2c2,TF,TRUE
Stox2,Stox2,TF,TRUE
Tfap4,Tfap4,TF,TRUE
Nkx1-1,Nkx1-1,TF,TRUE
Nfatc1,Nfatc1,TF,TRUE
Glis2,Glis2,TF,TRUE
Pknox2,Pknox2,TF,TRUE
Tfe3,Tfe3,TF,TRUE
Neurod2,Neurod2,TF,TRUE
Nfxl1,Nfxl1,TF,TRUE
Zbtb25,Zbtb25,TF,TRUE
Zbtb1,Zbtb1,TF,TRUE
Cc2d1a,Cc2d1a,TF,TRUE
Tsc22d1,Tsc22d1,TF,TRUE
Zfp141,Zfp141,TF,TRUE
Sall3,Sall3,TF,TRUE
Zbtb24,Zbtb24,TF,TRUE
Zfp867,Zfp867,TF,TRUE
Zfp977,Zfp977,TF,TRUE
Zfp976,Zfp976,TF,TRUE
Zfp975,Zfp975,TF,TRUE
Gm17067,Gm17067,TF,TRUE
Gm2381,Gm2381,TF,TRUE
Arntl2,Arntl2,TF,TRUE
Zic3,Zic3,TF,TRUE
Zfp236,Zfp236,TF,TRUE
Klf6,Klf6,TF,TRUE
Zfp516,Zfp516,TF,TRUE
Tshz1,Tshz1,TF,TRUE
Ndn,Ndn,TF,TRUE
Zkscan17,Zkscan17,TF,TRUE
Zfp715,Zfp715,TF,TRUE
Tfb1m,Tfb1m,TF,TRUE
Ikzf3,Ikzf3,TF,TRUE
Etv3,Etv3,TF,TRUE
Etv3l,Etv3l,TF,TRUE
Pitx2,Pitx2,TF,TRUE
Klf13,Klf13,TF,TRUE
Zfp951,Zfp951,TF,TRUE
Gm45871,Gm45871,TF,TRUE
Bnc1,Bnc1,TF,TRUE
Zfp219,Zfp219,TF,TRUE
Nkx2-3,Nkx2-3,TF,TRUE
Rreb1,Rreb1,TF,TRUE
Scx,Scx,TF,TRUE
Lhx4,Lhx4,TF,TRUE
Stat4,Stat4,TF,TRUE
Bcl11b,Bcl11b,TF,TRUE
Hsf1,Hsf1,TF,TRUE
Foxp2,Foxp2,TF,TRUE
Scrt1,Scrt1,TF,TRUE
Etv5,Etv5,TF,TRUE
Myrf,Myrf,TF,TRUE
Atf1,Atf1,TF,TRUE
Elf1,Elf1,TF,TRUE
Gpbp1,Gpbp1,TF,TRUE
Elf2,Elf2,TF,TRUE
Tfec,Tfec,TF,TRUE
Mxd3,Mxd3,TF,TRUE
Nacc1,Nacc1,TF,TRUE
Barhl2,Barhl2,TF,TRUE
Zfp644,Zfp644,TF,TRUE
Csrnp2,Csrnp2,TF,TRUE
Thra,Thra,TF,TRUE
Isl2,Isl2,TF,TRUE
Prdm14,Prdm14,TF,TRUE
Yy1,Yy1,TF,TRUE
Nr1d1,Nr1d1,TF,TRUE
Tfcp2,Tfcp2,TF,TRUE
Foxh1,Foxh1,TF,TRUE
Nfe2l3,Nfe2l3,TF,TRUE
Pou6f1,Pou6f1,TF,TRUE
Zfp658,Zfp658,TF,TRUE
Zfp719,Zfp719,TF,TRUE
Zfp819,Zfp819,TF,TRUE
Pax2,Pax2,TF,TRUE
Foxo3,Foxo3,TF,TRUE
Obox8,Obox8,TF,TRUE
Zfp251,Zfp251,TF,TRUE
Zfp7,Zfp7,TF,TRUE
Hand2,Hand2,TF,TRUE
Bcl6,Bcl6,TF,TRUE
Elk3,Elk3,TF,TRUE
Crem,Crem,TF,TRUE
Nr2e1,Nr2e1,TF,TRUE
Foxo1,Foxo1,TF,TRUE
Zfp647,Zfp647,TF,TRUE
Zbtb14,Zbtb14,TF,TRUE
Cc2d1b,Cc2d1b,TF,TRUE
Mef2c,Mef2c,TF,TRUE
Hdgf,Hdgf,TF,TRUE
Pou5f1,Pou5f1,TF,TRUE
Tlx1,Tlx1,TF,TRUE
Lbx1,Lbx1,TF,TRUE
Litaf,Litaf,TF,TRUE
Tbx18,Tbx18,TF,TRUE
Lef1,Lef1,TF,TRUE
Nfix,Nfix,TF,TRUE
Gata1,Gata1,TF,TRUE
Trp63,Trp63,TF,TRUE
Eno1,Eno1,TF,TRUE
Lyl1,Lyl1,TF,TRUE
Zkscan14,Zkscan14,TF,TRUE
Zkscan5,Zkscan5,TF,TRUE
Sall2,Sall2,TF,TRUE
Rara,Rara,TF,TRUE
Zfp655,Zfp655,TF,TRUE
Zscan25,Zscan25,TF,TRUE
Tfcp2l1,Tfcp2l1,TF,TRUE
Gm14444,Gm14444,TF,TRUE
Nr4a1,Nr4a1,TF,TRUE
Gm14393,Gm14393,TF,TRUE
Zfp438,Zfp438,TF,TRUE
Zeb1,Zeb1,TF,TRUE
Gm14399,Gm14399,TF,TRUE
Prdm1,Prdm1,TF,TRUE
Gm14443,Gm14443,TF,TRUE
Scrt2,Scrt2,TF,TRUE
Gm14391,Gm14391,TF,TRUE
Gli2,Gli2,TF,TRUE
Obox7,Obox7,TF,TRUE
Tcf15,Tcf15,TF,TRUE
Gm4631,Gm4631,TF,TRUE
Klf1,Klf1,TF,TRUE
Zfp968,Zfp968,TF,TRUE
Mkx,Mkx,TF,TRUE
Gm4724,Gm4724,TF,TRUE
Ddit3,Ddit3,TF,TRUE
Zfp965,Zfp965,TF,TRUE
Gm11007,Gm11007,TF,TRUE
Tgif1,Tgif1,TF,TRUE
Prrxl1,Prrxl1,TF,TRUE
Zfp969,Zfp969,TF,TRUE
Mef2d,Mef2d,TF,TRUE
Pgr,Pgr,TF,TRUE
Gm2007,Gm2007,TF,TRUE
Gm6710,Gm6710,TF,TRUE
Zfp966,Zfp966,TF,TRUE
Creb5,Creb5,TF,TRUE
Zfp202,Zfp202,TF,TRUE
Gm2026,Gm2026,TF,TRUE
Gm2004,Gm2004,TF,TRUE
Tead4,Tead4,TF,TRUE
2210418O10Rik,2210418O10Rik,TF,TRUE
Gm11009,Gm11009,TF,TRUE
Obox2,Obox2,TF,TRUE
Mixl1,Mixl1,TF,TRUE
Gm14434,Gm14434,TF,TRUE
Mitf,Mitf,TF,TRUE
Obox1,Obox1,TF,TRUE
Nr2c1,Nr2c1,TF,TRUE
Zfp967,Zfp967,TF,TRUE
Gli1,Gli1,TF,TRUE
Foxm1,Foxm1,TF,TRUE
Gm14308,Gm14308,TF,TRUE
Stat1,Stat1,TF,TRUE
Bhlha9,Bhlha9,TF,TRUE
Srebf1,Srebf1,TF,TRUE
Zfp973,Zfp973,TF,TRUE
Hes1,Hes1,TF,TRUE
Gm14305,Gm14305,TF,TRUE
Arnt2,Arnt2,TF,TRUE
Gm14295,Gm14295,TF,TRUE
Gm14408,Gm14408,TF,TRUE
Zfp410,Zfp410,TF,TRUE
Sox12,Sox12,TF,TRUE
Junb,Junb,TF,TRUE
Gm14419,Gm14419,TF,TRUE
Gm14401,Gm14401,TF,TRUE
Obox3,Obox3,TF,TRUE
Pitx3,Pitx3,TF,TRUE
Gm14410,Gm14410,TF,TRUE
Gm14409,Gm14409,TF,TRUE
Gm14412,Gm14412,TF,TRUE
Zfp740,Zfp740,TF,TRUE
Sim1,Sim1,TF,TRUE
Gata6,Gata6,TF,TRUE
Obox5,Obox5,TF,TRUE
Gmeb1,Gmeb1,TF,TRUE
Rarg,Rarg,TF,TRUE
Obox6,Obox6,TF,TRUE
Gm14418,Gm14418,TF,TRUE
Zfp970,Zfp970,TF,TRUE
Gm14403,Gm14403,TF,TRUE
Zbtb48,Zbtb48,TF,TRUE
Gfi1,Gfi1,TF,TRUE
Gm14406,Gm14406,TF,TRUE
Gm14322,Gm14322,TF,TRUE
Gm14325,Gm14325,TF,TRUE
Gm14327,Gm14327,TF,TRUE
Zfp972,Zfp972,TF,TRUE
Gm14326,Gm14326,TF,TRUE
Crx,Crx,TF,TRUE
Zfp971,Zfp971,TF,TRUE
Nfkb2,Nfkb2,TF,TRUE
Zfp949,Zfp949,TF,TRUE
Tle4,Tle4,TF,TRUE
Vax2,Vax2,TF,TRUE
C130026I21Rik,C130026I21Rik,TF,TRUE
Zfp931,Zfp931,TF,TRUE
Rfx6,Rfx6,TF,TRUE
Tbx15,Tbx15,TF,TRUE
Arx,Arx,TF,TRUE
Sp7,Sp7,TF,TRUE
Sp1,Sp1,TF,TRUE
Pitx1,Pitx1,TF,TRUE
Sox10,Sox10,TF,TRUE
A530032D15Rik,A530032D15Rik,TF,TRUE
Smad9,Smad9,TF,TRUE
Rfxap,Rfxap,TF,TRUE
Maf,Maf,TF,TRUE
Msc,Msc,TF,TRUE
Zfp148,Zfp148,TF,TRUE
Hnf4g,Hnf4g,TF,TRUE
Bsx,Bsx,TF,TRUE
Isl1,Isl1,TF,TRUE
Atmin,Atmin,TF,TRUE
Maff,Maff,TF,TRUE
Cebpe,Cebpe,TF,TRUE
Foxb2,Foxb2,TF,TRUE
Zfhx4,Zfhx4,TF,TRUE
Sp110,Sp110,TF,TRUE
Osr1,Osr1,TF,TRUE
Msgn1,Msgn1,TF,TRUE
Sox8,Sox8,TF,TRUE
Mlxip,Mlxip,TF,TRUE
Sohlh2,Sohlh2,TF,TRUE
Zfp791,Zfp791,TF,TRUE
Hey1,Hey1,TF,TRUE
Smad5,Smad5,TF,TRUE
Mycn,Mycn,TF,TRUE
Rorb,Rorb,TF,TRUE
En1,En1,TF,TRUE
Zbtb42,Zbtb42,TF,TRUE
Spz1,Spz1,TF,TRUE
Tbx6,Tbx6,TF,TRUE
Foxj1,Foxj1,TF,TRUE
Zfhx2,Zfhx2,TF,TRUE
Dmrta2,Dmrta2,TF,TRUE
Gsx2,Gsx2,TF,TRUE
Gm28047,Gm28047,TF,TRUE
Mtf2,Mtf2,TF,TRUE
Foxs1,Foxs1,TF,TRUE
Atf7,Atf7,TF,TRUE
Nhlh2,Nhlh2,TF,TRUE
Sp100,Sp100,TF,TRUE
Hoxc13,Hoxc13,TF,TRUE
Hoxc12,Hoxc12,TF,TRUE
Hoxc11,Hoxc11,TF,TRUE
Hoxc10,Hoxc10,TF,TRUE
Hoxc5,Hoxc5,TF,TRUE
Hoxc9,Hoxc9,TF,TRUE
Hoxc8,Hoxc8,TF,TRUE
Hoxc6,Hoxc6,TF,TRUE
Rxra,Rxra,TF,TRUE
Zfp704,Zfp704,TF,TRUE
Foxp1,Foxp1,TF,TRUE
Ss18l1,Ss18l1,TF,TRUE
Max,Max,TF,TRUE
Hoxc4,Hoxc4,TF,TRUE
Nfkb1,Nfkb1,TF,TRUE
A630001G21Rik,A630001G21Rik,TF,TRUE
Nrl,Nrl,TF,TRUE
Hes2,Hes2,TF,TRUE
Gm9833,Gm9833,TF,TRUE
Zic1,Zic1,TF,TRUE
Atf4,Atf4,TF,TRUE
Pou2f3,Pou2f3,TF,TRUE
Vsx2,Vsx2,TF,TRUE
Zic4,Zic4,TF,TRUE
Plscr1,Plscr1,TF,TRUE
Hes3,Hes3,TF,TRUE
Zfp423,Zfp423,TF,TRUE
Gsx1,Gsx1,TF,TRUE
Mrtfa,Mrtfa,TF,TRUE
Pdx1,Pdx1,TF,TRUE
Cdx2,Cdx2,TF,TRUE
Zfp131,Zfp131,TF,TRUE
Plscr2,Plscr2,TF,TRUE
Mga,Mga,TF,TRUE
Zfp930,Zfp930,TF,TRUE
1700057G04Rik,1700057G04Rik,TF,TRUE
Zfp868,Zfp868,TF,TRUE
Zfp964,Zfp964,TF,TRUE
Zfp869,Zfp869,TF,TRUE
Ep300,Ep300,TF,TRUE
Zfp963,Zfp963,TF,TRUE
Gm20422,Gm20422,TF,TRUE
Zfp866,Zfp866,TF,TRUE
Neurod6,Neurod6,TF,TRUE
Fezf1,Fezf1,TF,TRUE
Spib,Spib,TF,TRUE
Nr1h5,Nr1h5,TF,TRUE
Mxi1,Mxi1,TF,TRUE
Otp,Otp,TF,TRUE
Irf9,Irf9,TF,TRUE
Hsf3,Hsf3,TF,TRUE
Csrnp3,Csrnp3,TF,TRUE
Foxi1,Foxi1,TF,TRUE
Tef,Tef,TF,TRUE
Pbx4,Pbx4,TF,TRUE
Stat6,Stat6,TF,TRUE
Npas1,Npas1,TF,TRUE
Dmtf1,Dmtf1,TF,TRUE
Ar,Ar,TF,TRUE
Gata5,Gata5,TF,TRUE
Rfxank,Rfxank,TF,TRUE
Tfap2d,Tfap2d,TF,TRUE
Stat5b,Stat5b,TF,TRUE
Mef2a,Mef2a,TF,TRUE
Plagl2,Plagl2,TF,TRUE
Sall1,Sall1,TF,TRUE
Tfam,Tfam,TF,TRUE
Mef2b,Mef2b,TF,TRUE
Zfp558,Zfp558,TF,TRUE
Clock,Clock,TF,TRUE
Zbtb39,Zbtb39,TF,TRUE
Stat5a,Stat5a,TF,TRUE
Foxd2,Foxd2,TF,TRUE
Zfp623,Zfp623,TF,TRUE
Zfp707,Zfp707,TF,TRUE
Nr1h2,Nr1h2,TF,TRUE
E2f5,E2f5,TF,TRUE
Foxe3,Foxe3,TF,TRUE
Tfap2b,Tfap2b,TF,TRUE
Zfp317,Zfp317,TF,TRUE
Tcf7l2,Tcf7l2,TF,TRUE
Hsf2,Hsf2,TF,TRUE
Tal1,Tal1,TF,TRUE
Tcfl5,Tcfl5,TF,TRUE
Etv6,Etv6,TF,TRUE
Zfp560,Zfp560,TF,TRUE
Alx1,Alx1,TF,TRUE
Trp73,Trp73,TF,TRUE
Bhlhe22,Bhlhe22,TF,TRUE
Zfp426,Zfp426,TF,TRUE
Crebl2,Crebl2,TF,TRUE
Foxo4,Foxo4,TF,TRUE
Stat3,Stat3,TF,TRUE
Zfp266,Zfp266,TF,TRUE
AW822073,AW822073,TF,TRUE
Zfp846,Zfp846,TF,TRUE
Duxf3,Duxf3,TF,TRUE
Gm4981,Gm4981,TF,TRUE
Maz,Maz,TF,TRUE
Nkx6-3,Nkx6-3,TF,TRUE
Nfatc4,Nfatc4,TF,TRUE
5430403G16Rik,5430403G16Rik,TF,TRUE
4930522L14Rik,4930522L14Rik,TF,TRUE
Gfi1b,Gfi1b,TF,TRUE
Gm15446,Gm15446,TF,TRUE
Hmx1,Hmx1,TF,TRUE
Zfp932,Zfp932,TF,TRUE
Gli3,Gli3,TF,TRUE
Gm17655,Gm17655,TF,TRUE
Gm35315,Gm35315,TF,TRUE
Tbx10,Tbx10,TF,TRUE
Bhlhe23,Bhlhe23,TF,TRUE
Zfp605,Zfp605,TF,TRUE
Pou6f2,Pou6f2,TF,TRUE
Hinfp,Hinfp,TF,TRUE
Zfp607b,Zfp607b,TF,TRUE
Nr1d2,Nr1d2,TF,TRUE
Zfp626,Zfp626,TF,TRUE
Thrb,Thrb,TF,TRUE
Rarb,Rarb,TF,TRUE
Zfp607a,Zfp607a,TF,TRUE
Elk1,Elk1,TF,TRUE
Crebrf,Crebrf,TF,TRUE
Zfp974,Zfp974,TF,TRUE
Zfp780b,Zfp780b,TF,TRUE
Zfp850,Zfp850,TF,TRUE
Nkx2-5,Nkx2-5,TF,TRUE
Nr2f2,Nr2f2,TF,TRUE
Rest,Rest,TF,TRUE
Zfp300,Zfp300,TF,TRUE
Hif3a,Hif3a,TF,TRUE
Myf5,Myf5,TF,TRUE
Myf6,Myf6,TF,TRUE
Hsfy2,Hsfy2,TF,TRUE
Zfp553,Zfp553,TF,TRUE
Zfp771,Zfp771,TF,TRUE
Tfdp2,Tfdp2,TF,TRUE
Barhl1,Barhl1,TF,TRUE
Ebf1,Ebf1,TF,TRUE
Irx3,Irx3,TF,TRUE
Satb2,Satb2,TF,TRUE
Zfp683,Zfp683,TF,TRUE
Dmbx1,Dmbx1,TF,TRUE
Irx5,Irx5,TF,TRUE
Irx6,Irx6,TF,TRUE
Zhx1,Zhx1,TF,TRUE
Prdm16,Prdm16,TF,TRUE
Sox30,Sox30,TF,TRUE
Zfp960,Zfp960,TF,TRUE
Zfp97,Zfp97,TF,TRUE
Mlx,Mlx,TF,TRUE
Hlx,Hlx,TF,TRUE
Zfp473,Zfp473,TF,TRUE
Zfp808,Zfp808,TF,TRUE
Nfib,Nfib,TF,TRUE
Gm3604,Gm3604,TF,TRUE
Zfp935,Zfp935,TF,TRUE
Gm49359,Gm49359,TF,TRUE
Zfp934,Zfp934,TF,TRUE
Platr25,Platr25,TF,TRUE
Gm5141,Gm5141,TF,TRUE
E2f7,E2f7,TF,TRUE
Zbtb38,Zbtb38,TF,TRUE
Batf2,Batf2,TF,TRUE
Emx1,Emx1,TF,TRUE
P2rx2,P2rx2,TF,TRUE
Atf5,Atf5,TF,TRUE
Esrra,Esrra,TF,TRUE
Cdx4,Cdx4,TF,TRUE
Rhox5,Rhox5,TF,TRUE
Noto,Noto,TF,TRUE
Stat2,Stat2,TF,TRUE
Bhlhe40,Bhlhe40,TF,TRUE
Zfp367,Zfp367,TF,TRUE
Sox3,Sox3,TF,TRUE
Cphx1,Cphx1,TF,TRUE
Duxbl1,Duxbl1,TF,TRUE
Hes5,Hes5,TF,TRUE
Hhex,Hhex,TF,TRUE
Atoh1,Atoh1,TF,TRUE
Zfp768,Zfp768,TF,TRUE
Mypop,Mypop,TF,TRUE
Zbtb2,Zbtb2,TF,TRUE
Spi1,Spi1,TF,TRUE
Zfp747,Zfp747,TF,TRUE
Foxa3,Foxa3,TF,TRUE
9130019O22Rik,9130019O22Rik,TF,TRUE
E430018J23Rik,E430018J23Rik,TF,TRUE
Zfp764,Zfp764,TF,TRUE
Gm10772,Gm10772,TF,TRUE
Egr4,Egr4,TF,TRUE
Zfp689,Zfp689,TF,TRUE
Pax4,Pax4,TF,TRUE
Neurog1,Neurog1,TF,TRUE
Foxr1,Foxr1,TF,TRUE
Esr1,Esr1,TF,TRUE
Zkscan4,Zkscan4,TF,TRUE
Zkscan8,Zkscan8,TF,TRUE
Zfp160,Zfp160,TF,TRUE
Foxl2,Foxl2,TF,TRUE
Runx2,Runx2,TF,TRUE
Zfp677,Zfp677,TF,TRUE
Zfp54,Zfp54,TF,TRUE
Gata3,Gata3,TF,TRUE
Nr2e3,Nr2e3,TF,TRUE
Zfp51,Zfp51,TF,TRUE
Zfp53,Zfp53,TF,TRUE
Zfp52,Zfp52,TF,TRUE
Zfp948,Zfp948,TF,TRUE
Cdc5l,Cdc5l,TF,TRUE
Runx3,Runx3,TF,TRUE
Prdm5,Prdm5,TF,TRUE
Six5,Six5,TF,TRUE
Ascl3,Ascl3,TF,TRUE
Figla,Figla,TF,TRUE
Spdef,Spdef,TF,TRUE
Thap1,Thap1,TF,TRUE
Ski,Ski,TF,TRUE
Zfp958,Zfp958,TF,TRUE
Sox14,Sox14,TF,TRUE
Grhl3,Grhl3,TF,TRUE
Zfp709,Zfp709,TF,TRUE
Zfp882,Zfp882,TF,TRUE
Zfp617,Zfp617,TF,TRUE
Zbtb37,Zbtb37,TF,TRUE
Msx1,Msx1,TF,TRUE
Zfp961,Zfp961,TF,TRUE
Zfp523,Zfp523,TF,TRUE
Zfp62,Zfp62,TF,TRUE
Zfp629,Zfp629,TF,TRUE
Irf5,Irf5,TF,TRUE
E2f1,E2f1,TF,TRUE
Zfp341,Zfp341,TF,TRUE
Esrrg,Esrrg,TF,TRUE
Ppard,Ppard,TF,TRUE
Ikzf4,Ikzf4,TF,TRUE
Klf2,Klf2,TF,TRUE
E2f2,E2f2,TF,TRUE
Shox2,Shox2,TF,TRUE
Aebp2,Aebp2,TF,TRUE
Zfp319,Zfp319,TF,TRUE
Sp5,Sp5,TF,TRUE
Fosb,Fosb,TF,TRUE
Zfp46,Zfp46,TF,TRUE
Tead3,Tead3,TF,TRUE
Zbtb7b,Zbtb7b,TF,TRUE
Zfp143,Zfp143,TF,TRUE
Dmrta1,Dmrta1,TF,TRUE
Zfp352,Zfp352,TF,TRUE
Six3,Six3,TF,TRUE
Srf,Srf,TF,TRUE
Zfp668,Zfp668,TF,TRUE
Pbxip1,Pbxip1,TF,TRUE
Isx,Isx,TF,TRUE
Alx3,Alx3,TF,TRUE
Nrf1,Nrf1,TF,TRUE
Myrfl,Myrfl,TF,TRUE
Skor1,Skor1,TF,TRUE
Gm12845,Gm12845,TF,TRUE
Zbtb40,Zbtb40,TF,TRUE
Klf17,Klf17,TF,TRUE
Zfp287,Zfp287,TF,TRUE
Zfp286,Zfp286,TF,TRUE
Jun,Jun,TF,TRUE
Neurod4,Neurod4,TF,TRUE
Prox1,Prox1,TF,TRUE
Smad3,Smad3,TF,TRUE
Crebzf,Crebzf,TF,TRUE
Pparg,Pparg,TF,TRUE
Elk4,Elk4,TF,TRUE
Foxn1,Foxn1,TF,TRUE
Etv4,Etv4,TF,TRUE
Meox1,Meox1,TF,TRUE
Nkx3-2,Nkx3-2,TF,TRUE
Purg,Purg,TF,TRUE
Tfeb,Tfeb,TF,TRUE
Zfp296,Zfp296,TF,TRUE
Klf14,Klf14,TF,TRUE
Zfp354c,Zfp354c,TF,TRUE
Zfp879,Zfp879,TF,TRUE
Batf3,Batf3,TF,TRUE
Zfp454,Zfp454,TF,TRUE
Zfp2,Zfp2,TF,TRUE
Zfp354b,Zfp354b,TF,TRUE
Atf3,Atf3,TF,TRUE
Prop1,Prop1,TF,TRUE
Foxn4,Foxn4,TF,TRUE
Nfia,Nfia,TF,TRUE
Zfp354a,Zfp354a,TF,TRUE
Plagl1,Plagl1,TF,TRUE
2610044O15Rik8,2610044O15Rik8,TF,TRUE
Mecom,Mecom,TF,TRUE
Zscan29,Zscan29,TF,TRUE
Mynn,Mynn,TF,TRUE
Zfp422,Zfp422,TF,TRUE
Zfp872,Zfp872,TF,TRUE
Zfp809,Zfp809,TF,TRUE
Zfp599,Zfp599,TF,TRUE
Zkscan6,Zkscan6,TF,TRUE
Zfp810,Zfp810,TF,TRUE
Pknox1,Pknox1,TF,TRUE
Zfp637,Zfp637,TF,TRUE
Gmeb2,Gmeb2,TF,TRUE
Zfp239,Zfp239,TF,TRUE
Neurog3,Neurog3,TF,TRUE
Hivep2,Hivep2,TF,TRUE
Relb,Relb,TF,TRUE
Irf3,Irf3,TF,TRUE
Creb3l4,Creb3l4,TF,TRUE
Tchp,Tchp,TF,TRUE
Wiz,Wiz,TF,TRUE
Zfp248,Zfp248,TF,TRUE
Zfp9,Zfp9,TF,TRUE
Olig3,Olig3,TF,TRUE
Skil,Skil,TF,TRUE
Carf,Carf,TF,TRUE
Zfp871,Zfp871,TF,TRUE
Zfp811,Zfp811,TF,TRUE
Zfp799,Zfp799,TF,TRUE
Zfp870,Zfp870,TF,TRUE
Zfp472,Zfp472,TF,TRUE
Creb3l2,Creb3l2,TF,TRUE
Zfp952,Zfp952,TF,TRUE
Zfp763,Zfp763,TF,TRUE
Zfp563,Zfp563,TF,TRUE
Zfp955a,Zfp955a,TF,TRUE
Zfp955b,Zfp955b,TF,TRUE
Zfp81,Zfp81,TF,TRUE
Zfp101,Zfp101,TF,TRUE
Hsf4,Hsf4,TF,TRUE
Myb,Myb,TF,TRUE
E2f4,E2f4,TF,TRUE
Zfp639,Zfp639,TF,TRUE
Tbx20,Tbx20,TF,TRUE
Mesp1,Mesp1,TF,TRUE
Mesp2,Mesp2,TF,TRUE
Dlx1,Dlx1,TF,TRUE
Hnf1a,Hnf1a,TF,TRUE
Dlx2,Dlx2,TF,TRUE
Tcf21,Tcf21,TF,TRUE
Gbx1,Gbx1,TF,TRUE
Mafg,Mafg,TF,TRUE
Foxd3,Foxd3,TF,TRUE
Zfp57,Zfp57,TF,TRUE
T,T,TF,TRUE
Zfp710,Zfp710,TF,TRUE
Rorc,Rorc,TF,TRUE
Prrx1,Prrx1,TF,TRUE
Tcf7,Tcf7,TF,TRUE
Gbx2,Gbx2,TF,TRUE
Foxj3,Foxj3,TF,TRUE
Hivep3,Hivep3,TF,TRUE
Foxo6,Foxo6,TF,TRUE
Nr2f6,Nr2f6,TF,TRUE
Rxrb,Rxrb,TF,TRUE
Ubp1,Ubp1,TF,TRUE
Nfyc,Nfyc,TF,TRUE
Pax7,Pax7,TF,TRUE
Zfp69,Zfp69,TF,TRUE
Rlf,Rlf,TF,TRUE
Mycl,Mycl,TF,TRUE
Heyl,Heyl,TF,TRUE
Tead1,Tead1,TF,TRUE
Jund,Jund,TF,TRUE
Rora,Rora,TF,TRUE
Lrrfip1,Lrrfip1,TF,TRUE
Foxb1,Foxb1,TF,TRUE
En2,En2,TF,TRUE
Zfp358,Zfp358,TF,TRUE
Nr1h3,Nr1h3,TF,TRUE
Zgpat,Zgpat,TF,TRUE
Eomes,Eomes,TF,TRUE
Tead2,Tead2,TF,TRUE
Tbx19,Tbx19,TF,TRUE
Irf1,Irf1,TF,TRUE
Mnx1,Mnx1,TF,TRUE
Zbtb17,Zbtb17,TF,TRUE
Tlx2,Tlx2,TF,TRUE
Lbx2,Lbx2,TF,TRUE
Sp3,Sp3,TF,TRUE
Arntl,Arntl,TF,TRUE
Prdm2,Prdm2,TF,TRUE
Rbpj,Rbpj,TF,TRUE
Hoxa4,Hoxa4,TF,TRUE
Hoxa5,Hoxa5,TF,TRUE
Hoxa6,Hoxa6,TF,TRUE
Hoxa7,Hoxa7,TF,TRUE
Hoxa9,Hoxa9,TF,TRUE
Hoxa10,Hoxa10,TF,TRUE
Hoxa11,Hoxa11,TF,TRUE
Zfp990,Zfp990,TF,TRUE
Zfp980,Zfp980,TF,TRUE
Tcf12,Tcf12,TF,TRUE
Irf8,Irf8,TF,TRUE
Zfp986,Zfp986,TF,TRUE
Zfp987,Zfp987,TF,TRUE
Zfp600,Zfp600,TF,TRUE
Zfp992,Zfp992,TF,TRUE
Zfp981,Zfp981,TF,TRUE
Foxf1,Foxf1,TF,TRUE
Hoxa1,Hoxa1,TF,TRUE
Hoxa2,Hoxa2,TF,TRUE
Zfp989,Zfp989,TF,TRUE
Hoxa3,Hoxa3,TF,TRUE
Rex2,Rex2,TF,TRUE
Zfp991,Zfp991,TF,TRUE
Hoxa13,Hoxa13,TF,TRUE
Hes6,Hes6,TF,TRUE
Evx1,Evx1,TF,TRUE
Zfp988,Zfp988,TF,TRUE
Zfp978,Zfp978,TF,TRUE
Zfp982,Zfp982,TF,TRUE
Zfp985,Zfp985,TF,TRUE
Zfp979,Zfp979,TF,TRUE
Foxc2,Foxc2,TF,TRUE
Foxl1,Foxl1,TF,TRUE
Sp9,Sp9,TF,TRUE
Zfp180,Zfp180,TF,TRUE
Zfp112,Zfp112,TF,TRUE
Zfp235,Zfp235,TF,TRUE
Zfp114,Zfp114,TF,TRUE
Csrnp1,Csrnp1,TF,TRUE
Zfp111,Zfp111,TF,TRUE
Zfp109,Zfp109,TF,TRUE
Zfp280d,Zfp280d,TF,TRUE
Zfp108,Zfp108,TF,TRUE
Zfp93,Zfp93,TF,TRUE
Snai3,Snai3,TF,TRUE
Hes7,Hes7,TF,TRUE
Zfp61,Zfp61,TF,TRUE
Zfp94,Zfp94,TF,TRUE
Myog,Myog,TF,TRUE
Rfx7,Rfx7,TF,TRUE
Tbx3,Tbx3,TF,TRUE
Foxk2,Foxk2,TF,TRUE
Klf3,Klf3,TF,TRUE
Pou3f1,Pou3f1,TF,TRUE
Tbx5,Tbx5,TF,TRUE
Mtf1,Mtf1,TF,TRUE
Pcbp1,Pcbp1,TF,TRUE
Mxd1,Mxd1,TF,TRUE
Ptf1a,Ptf1a,TF,TRUE
Lhx5,Lhx5,TF,TRUE
Zfp628,Zfp628,TF,TRUE
Zfp750,Zfp750,TF,TRUE
Zfp651,Zfp651,TF,TRUE
Onecut1,Onecut1,TF,TRUE
Zscan2,Zscan2,TF,TRUE
Zfp84,Zfp84,TF,TRUE
Sox18,Sox18,TF,TRUE
Zfp790,Zfp790,TF,TRUE
Zfp524,Zfp524,TF,TRUE
Tfap2e,Tfap2e,TF,TRUE
Gm44973,Gm44973,TF,TRUE
Zfp940,Zfp940,TF,TRUE
Zfp865,Zfp865,TF,TRUE
Zfp280b,Zfp280b,TF,TRUE
Zfp420,Zfp420,TF,TRUE
Zfp27,Zfp27,TF,TRUE
Zfp383,Zfp383,TF,TRUE
Klf7,Klf7,TF,TRUE
Zfp74,Zfp74,TF,TRUE
Zfp784,Zfp784,TF,TRUE
Zfp580,Zfp580,TF,TRUE
Zscan20,Zscan20,TF,TRUE
Creb1,Creb1,TF,TRUE
Zfp362,Zfp362,TF,TRUE
Pou2f1,Pou2f1,TF,TRUE
2010315B03Rik,2010315B03Rik,TF,TRUE
Pcbp3,Pcbp3,TF,TRUE
Zfp445,Zfp445,TF,TRUE
Zfp568,Zfp568,TF,TRUE
Zkscan7,Zkscan7,TF,TRUE
Zfp105,Zfp105,TF,TRUE
Zfp14,Zfp14,TF,TRUE
Trp53,Trp53,TF,TRUE
Dmrtc2,Dmrtc2,TF,TRUE
Klf4,Klf4,TF,TRUE
Zfp82,Zfp82,TF,TRUE
Elf3,Elf3,TF,TRUE
Zfp566,Zfp566,TF,TRUE
Pou3f2,Pou3f2,TF,TRUE
Zfp260,Zfp260,TF,TRUE
Zfp382,Zfp382,TF,TRUE
Zfp146,Zfp146,TF,TRUE
Sox6,Sox6,TF,TRUE
Sox15,Sox15,TF,TRUE
Tgif2,Tgif2,TF,TRUE
Ovol3,Ovol3,TF,TRUE
Zfp787,Zfp787,TF,TRUE
Zfp408,Zfp408,TF,TRUE
Zfp444,Zfp444,TF,TRUE
Bach2,Bach2,TF,TRUE
Zscan5b,Zscan5b,TF,TRUE
Zbtb4,Zbtb4,TF,TRUE
Myt1,Myt1,TF,TRUE
Hnf1b,Hnf1b,TF,TRUE
Zfp667,Zfp667,TF,TRUE
Zfp583,Zfp583,TF,TRUE
Gm3854,Gm3854,TF,TRUE
Zfp78,Zfp78,TF,TRUE
Zkscan16,Zkscan16,TF,TRUE
Zfp28,Zfp28,TF,TRUE
Phox2b,Phox2b,TF,TRUE
Plag1,Plag1,TF,TRUE
2610008E11Rik,2610008E11Rik,TF,TRUE
Rxrg,Rxrg,TF,TRUE
Zim1,Zim1,TF,TRUE
Zfp513,Zfp513,TF,TRUE
Lmx1a,Lmx1a,TF,TRUE
Cux2,Cux2,TF,TRUE
Peg3,Peg3,TF,TRUE
Pbx1,Pbx1,TF,TRUE
Atf2,Atf2,TF,TRUE
Lhx1,Lhx1,TF,TRUE
Dbp,Dbp,TF,TRUE
Zfp418,Zfp418,TF,TRUE
Zfp772,Zfp772,TF,TRUE
Fosl2,Fosl2,TF,TRUE
Zfp292,Zfp292,TF,TRUE
Evx2,Evx2,TF,TRUE
Hoxd13,Hoxd13,TF,TRUE
Hoxd12,Hoxd12,TF,TRUE
Hoxd11,Hoxd11,TF,TRUE
Hoxd10,Hoxd10,TF,TRUE
Hoxd9,Hoxd9,TF,TRUE
Hoxd8,Hoxd8,TF,TRUE
Hoxd3,Hoxd3,TF,TRUE
Hoxd4,Hoxd4,TF,TRUE
Gm28230,Gm28230,TF,TRUE
Hoxd1,Hoxd1,TF,TRUE
Mlxipl,Mlxipl,TF,TRUE
Nfx1,Nfx1,TF,TRUE
Hand1,Hand1,TF,TRUE
Nfe2l2,Nfe2l2,TF,TRUE
Atf6,Atf6,TF,TRUE
Aff3,Aff3,TF,TRUE
Prrx2,Prrx2,TF,TRUE
Cux1,Cux1,TF,TRUE
Tcf3,Tcf3,TF,TRUE
Patz1,Patz1,TF,TRUE
Onecut3,Onecut3,TF,TRUE
Zkscan1,Zkscan1,TF,TRUE
Zscan21,Zscan21,TF,TRUE
Zfp692,Zfp692,TF,TRUE
Npas2,Npas2,TF,TRUE
Zfp113,Zfp113,TF,TRUE
Myef2,Myef2,TF,TRUE
Zfp672,Zfp672,TF,TRUE
Klf16,Klf16,TF,TRUE
Ikzf2,Ikzf2,TF,TRUE
Ascl5,Ascl5,TF,TRUE
Creb3l1,Creb3l1,TF,TRUE
Zfp157,Zfp157,TF,TRUE
Zfp68,Zfp68,TF,TRUE
A430033K04Rik,A430033K04Rik,TF,TRUE
Zfp574,Zfp574,TF,TRUE
Zik1,Zik1,TF,TRUE
Rfx8,Rfx8,TF,TRUE
Tbx2,Tbx2,TF,TRUE
Tbx4,Tbx4,TF,TRUE
Nr1i3,Nr1i3,TF,TRUE
Creb3l3,Creb3l3,TF,TRUE
Uncx,Uncx,TF,TRUE
Zbtb7a,Zbtb7a,TF,TRUE
Zscan4b,Zscan4b,TF,TRUE
Mafk,Mafk,TF,TRUE
Zscan4c,Zscan4c,TF,TRUE
Zscan4-ps1,Zscan4-ps1,TF,TRUE
Zscan4d,Zscan4d,TF,TRUE
Zscan4e,Zscan4e,TF,TRUE
Zscan4f,Zscan4f,TF,TRUE
Zscan4-ps2,Zscan4-ps2,TF,TRUE
Zscan4-ps3,Zscan4-ps3,TF,TRUE
Mafb,Mafb,TF,TRUE
Foxk1,Foxk1,TF,TRUE
Creb3,Creb3,TF,TRUE
Zbtb32,Zbtb32,TF,TRUE
Zhx3,Zhx3,TF,TRUE
Etv2,Etv2,TF,TRUE
Zfp281,Zfp281,TF,TRUE
Nr5a2,Nr5a2,TF,TRUE
Nfic,Nfic,TF,TRUE
Zfp551,Zfp551,TF,TRUE
Zfp606,Zfp606,TF,TRUE
Pax5,Pax5,TF,TRUE
Zbtb5,Zbtb5,TF,TRUE
Pax8,Pax8,TF,TRUE
Zfp11,Zfp11,TF,TRUE
Gm10778,Gm10778,TF,TRUE
Zfp433,Zfp433,TF,TRUE
Gm4767,Gm4767,TF,TRUE
Gm32687,Gm32687,TF,TRUE
Zscan18,Zscan18,TF,TRUE
Zfp873,Zfp873,TF,TRUE
BC024063,BC024063,TF,TRUE
AU041133,AU041133,TF,TRUE
Zfp329,Zfp329,TF,TRUE
Zfp938,Zfp938,TF,TRUE
Gm4924,Gm4924,TF,TRUE
Nfyb,Nfyb,TF,TRUE
Sox17,Sox17,TF,TRUE
Zfp128,Zfp128,TF,TRUE
Zscan22,Zscan22,TF,TRUE
Zfp324,Zfp324,TF,TRUE
Ikzf5,Ikzf5,TF,TRUE
Foxe1,Foxe1,TF,TRUE
Hmx3,Hmx3,TF,TRUE
Hmx2,Hmx2,TF,TRUE
Pou2f2,Pou2f2,TF,TRUE
Gtf2i,Gtf2i,TF,TRUE
Nr4a3,Nr4a3,TF,TRUE
Zfp526,Zfp526,TF,TRUE
Zfp189,Zfp189,TF,TRUE
Erf,Erf,TF,TRUE
Gtf2ird1,Gtf2ird1,TF,TRUE
Bcl6b,Bcl6b,TF,TRUE
Tal2,Tal2,TF,TRUE
Nkx1-2,Nkx1-2,TF,TRUE
Myod1,Myod1,TF,TRUE
Mybl2,Mybl2,TF,TRUE
Hsf5,Hsf5,TF,TRUE
Arid3c,Arid3c,TF,TRUE
Pou3f3,Pou3f3,TF,TRUE
Lhx9,Lhx9,TF,TRUE
Alx4,Alx4,TF,TRUE
Hnf4a,Hnf4a,TF,TRUE
Cic,Cic,TF,TRUE
Zbtb41,Zbtb41,TF,TRUE
Zbtb49,Zbtb49,TF,TRUE
Nhlh1,Nhlh1,TF,TRUE
Vezf1,Vezf1,TF,TRUE
Neurod1,Neurod1,TF,TRUE
St18,St18,TF,TRUE
Rbpjl,Rbpjl,TF,TRUE
Ciao1,Ciao1,TF,TRUE
Usf2,Usf2,TF,TRUE
Preb,Preb,TF,TRUE
Tcf23,Tcf23,TF,TRUE
Rbak,Rbak,TF,TRUE
Zfp12,Zfp12,TF,TRUE
Zfp853,Zfp853,TF,TRUE
Foxi2,Foxi2,TF,TRUE
Xbp1,Xbp1,TF,TRUE
Hlf,Hlf,TF,TRUE
Arap1,Arap1,TF,TRUE
Kcnip3,Kcnip3,TF,TRUE
Sox9,Sox9,TF,TRUE
Ifi206,Ifi206,TF,TRUE
Ifi207,Ifi207,TF,TRUE
Ifi204,Ifi204,TF,TRUE
E2f8,E2f8,TF,TRUE
Aebp1,Aebp1,TF,TRUE
Zfp661,Zfp661,TF,TRUE
Dbx1,Dbx1,TF,TRUE
Ebf3,Ebf3,TF,TRUE
Zfp3,Zfp3,TF,TRUE
Phox2a,Phox2a,TF,TRUE
Zc3h8,Zc3h8,TF,TRUE
Nkx6-2,Nkx6-2,TF,TRUE
Ehf,Ehf,TF,TRUE
Elf5,Elf5,TF,TRUE
Usf1,Usf1,TF,TRUE
Tstd1,Tstd1,TF,TRUE
Fev,Fev,TF,TRUE
Purb,Purb,TF,TRUE
Cebpg,Cebpg,TF,TRUE
Cebpa,Cebpa,TF,TRUE
Sox13,Sox13,TF,TRUE
Zfp663,Zfp663,TF,TRUE
Irf6,Irf6,TF,TRUE
Zfp334,Zfp334,TF,TRUE
Ebf4,Ebf4,TF,TRUE
Ikzf1,Ikzf1,TF,TRUE
Zfp941,Zfp941,TF,TRUE
Zfp507,Zfp507,TF,TRUE
Zkscan2,Zkscan2,TF,TRUE
Zfp536,Zfp536,TF,TRUE
Wt1,Wt1,TF,TRUE
Zfp735,Zfp735,TF,TRUE
Zfp616,Zfp616,TF,TRUE
Dlx3,Dlx3,TF,TRUE
Dlx4,Dlx4,TF,TRUE
Meis1,Meis1,TF,TRUE
Zfp619,Zfp619,TF,TRUE
Irf7,Irf7,TF,TRUE
Mnt,Mnt,TF,TRUE
Deaf1,Deaf1,TF,TRUE
Zfp652,Zfp652,TF,TRUE
Pax6,Pax6,TF,TRUE
Otx1,Otx1,TF,TRUE
Hoxb13,Hoxb13,TF,TRUE
Hoxb9,Hoxb9,TF,TRUE
Hoxb8,Hoxb8,TF,TRUE
Hoxb7,Hoxb7,TF,TRUE
Hoxb6,Hoxb6,TF,TRUE
Hoxb5,Hoxb5,TF,TRUE
Hoxb4,Hoxb4,TF,TRUE
Snai1,Snai1,TF,TRUE
Hoxb3,Hoxb3,TF,TRUE
Hoxb2,Hoxb2,TF,TRUE
Hoxb1,Hoxb1,TF,TRUE
Cebpb,Cebpb,TF,TRUE
Nfe2l1,Nfe2l1,TF,TRUE
Sp2,Sp2,TF,TRUE
Sp6,Sp6,TF,TRUE
Tbx21,Tbx21,TF,TRUE
Zbtb34,Zbtb34,TF,TRUE
Ascl2,Ascl2,TF,TRUE
Tlx3,Tlx3,TF,TRUE
Hic1,Hic1,TF,TRUE
Lmx1b,Lmx1b,TF,TRUE
Nfatc2,Nfatc2,TF,TRUE
Pbx3,Pbx3,TF,TRUE
Bmyc,Bmyc,TF,TRUE
Sohlh1,Sohlh1,TF,TRUE
Msx3,Msx3,TF,TRUE
Zfp446,Zfp446,TF,TRUE
Zbtb45,Zbtb45,TF,TRUE
Mzf1,Mzf1,TF,TRUE
Zfp954,Zfp954,TF,TRUE
Zfp773,Zfp773,TF,TRUE
Meis3,Meis3,TF,TRUE
Sall4,Sall4,TF,TRUE
Tshz2,Tshz2,TF,TRUE
Zfp217,Zfp217,TF,TRUE
Tfap2c,Tfap2c,TF,TRUE
Ctcfl,Ctcfl,TF,TRUE
Nacc2,Nacc2,TF,TRUE
Lhx3,Lhx3,TF,TRUE
Zfp770,Zfp770,TF,TRUE
Meis2,Meis2,TF,TRUE
Ovol2,Ovol2,TF,TRUE
Lhx6,Lhx6,TF,TRUE
Insm1,Insm1,TF,TRUE
Zbtb6,Zbtb6,TF,TRUE
Zbtb26,Zbtb26,TF,TRUE
Nkx2-4,Nkx2-4,TF,TRUE
Nkx2-2,Nkx2-2,TF,TRUE
Pax1,Pax1,TF,TRUE
Foxa2,Foxa2,TF,TRUE
Gzf1,Gzf1,TF,TRUE
Zfp120,Zfp120,TF,TRUE
Gm10770,Gm10770,TF,TRUE
Gm14139,Gm14139,TF,TRUE
Zfp937,Zfp937,TF,TRUE
Gm21994,Gm21994,TF,TRUE
Gm14124,Gm14124,TF,TRUE
Zfp442,Zfp442,TF,TRUE
Zfp345,Zfp345,TF,TRUE
Vsx1,Vsx1,TF,TRUE
Lhx2,Lhx2,TF,TRUE
Nr5a1,Nr5a1,TF,TRUE
Nr6a1,Nr6a1,TF,TRUE
Zeb2,Zeb2,TF,TRUE
Nr4a2,Nr4a2,TF,TRUE
Tbr1,Tbr1,TF,TRUE
Actn1,Actn1,Transcription_regulator,TRUE
Actn2,Actn2,Transcription_regulator,TRUE
Aff1,Aff1,Transcription_regulator,TRUE
Ahdc1,Ahdc1,Transcription_regulator,TRUE
Ahrr,Ahrr,Transcription_regulator,TRUE
Aip,Aip,Transcription_regulator,TRUE
Akirin1,Akirin1,Transcription_regulator,TRUE
Akirin2,Akirin2,Transcription_regulator,TRUE
Ankrd1,Ankrd1,Transcription_regulator,TRUE
Arid5b,Arid5b,Transcription_regulator,TRUE
Arl2bp,Arl2bp,Transcription_regulator,TRUE
Arrb1,Arrb1,Transcription_regulator,TRUE
Asah1,Asah1,Transcription_regulator,TRUE
Ascc1,Ascc1,Transcription_regulator,TRUE
Atn1,Atn1,Transcription_regulator,TRUE
Basp1,Basp1,Transcription_regulator,TRUE
Bcl3,Bcl3,Transcription_regulator,TRUE
Bcl9,Bcl9,Transcription_regulator,TRUE
Bcl9l,Bcl9l,Transcription_regulator,TRUE
Bcl10,Bcl10,Transcription_regulator,TRUE
Birc2,Birc2,Transcription_regulator,TRUE
Btaf1,Btaf1,Transcription_regulator,TRUE
Btg2,Btg2,Transcription_regulator,TRUE
Bud31,Bud31,Transcription_regulator,TRUE
C1d,C1d,Transcription_regulator,TRUE
C1qbp,C1qbp,Transcription_regulator,TRUE
Camta1,Camta1,Transcription_regulator,TRUE
Casp8ap2,Casp8ap2,Transcription_regulator,TRUE
Cbfa2t2,Cbfa2t2,Transcription_regulator,TRUE
Cbfb,Cbfb,Transcription_regulator,TRUE
Ccar1,Ccar1,Transcription_regulator,TRUE
Ccar2,Ccar2,Transcription_regulator,TRUE
Ccdc62,Ccdc62,Transcription_regulator,TRUE
Ccdc124,Ccdc124,Transcription_regulator,TRUE
Ccnd1,Ccnd1,Transcription_regulator,TRUE
Cdca4,Cdca4,Transcription_regulator,TRUE
Cdyl2,Cdyl2,Transcription_regulator,TRUE
Cebpz,Cebpz,Transcription_regulator,TRUE
Cenpj,Cenpj,Transcription_regulator,TRUE
Cir1,Cir1,Transcription_regulator,TRUE
Cited4,Cited4,Transcription_regulator,TRUE
Cmtm2a,Cmtm2a,Transcription_regulator,TRUE
Cnot6,Cnot6,Transcription_regulator,TRUE
Cnot7,Cnot7,Transcription_regulator,TRUE
Cnot9,Cnot9,Transcription_regulator,TRUE
Cops2,Cops2,Transcription_regulator,TRUE
Cops5,Cops5,Transcription_regulator,TRUE
Crym,Crym,Transcription_regulator,TRUE
Csprs,Csprs,Transcription_regulator,TRUE
Dcaf6,Dcaf6,Transcription_regulator,TRUE
Dcc,Dcc,Transcription_regulator,TRUE
Ddx54,Ddx54,Transcription_regulator,TRUE
Dhrs7b,Dhrs7b,Transcription_regulator,TRUE
Dmrtc1a,Dmrtc1a,Transcription_regulator,TRUE
Dmrtc1b,Dmrtc1b,Transcription_regulator,TRUE
Dmrtc1c1,Dmrtc1c1,Transcription_regulator,TRUE
Dnajb1,Dnajb1,Transcription_regulator,TRUE
Drap1,Drap1,Transcription_regulator,TRUE
Dyrk1b,Dyrk1b,Transcription_regulator,TRUE
Eaf1,Eaf1,Transcription_regulator,TRUE
Eaf2,Eaf2,Transcription_regulator,TRUE
Edf1,Edf1,Transcription_regulator,TRUE
Eid1,Eid1,Transcription_regulator,TRUE
Eid2,Eid2,Transcription_regulator,TRUE
Eid2b,Eid2b,Transcription_regulator,TRUE
Elane,Elane,Transcription_regulator,TRUE
Ewsr1,Ewsr1,Transcription_regulator,TRUE
Fgf2,Fgf2,Transcription_regulator,TRUE
Fhl2,Fhl2,Transcription_regulator,TRUE
Fhl3,Fhl3,Transcription_regulator,TRUE
Fhl5,Fhl5,Transcription_regulator,TRUE
Gmnn,Gmnn,Transcription_regulator,TRUE
Gon4l,Gon4l,Transcription_regulator,TRUE
Gps2,Gps2,Transcription_regulator,TRUE
Hbp1,Hbp1,Transcription_regulator,TRUE
Hdgfl1,Hdgfl1,Transcription_regulator,TRUE
Helz2,Helz2,Transcription_regulator,TRUE
Hipk1,Hipk1,Transcription_regulator,TRUE
Hipk2,Hipk2,Transcription_regulator,TRUE
Hipk3,Hipk3,Transcription_regulator,TRUE
Hmga1b,Hmga1b,Transcription_regulator,TRUE
Hmgb2,Hmgb2,Transcription_regulator,TRUE
Homez,Homez,Transcription_regulator,TRUE
Hsbp1,Hsbp1,Transcription_regulator,TRUE
Hsbp1l1,Hsbp1l1,Transcription_regulator,TRUE
Hspa1a,Hspa1a,Transcription_regulator,TRUE
Hyal2,Hyal2,Transcription_regulator,TRUE
Id1,Id1,Transcription_regulator,TRUE
Id2,Id2,Transcription_regulator,TRUE
Id3,Id3,Transcription_regulator,TRUE
Id4,Id4,Transcription_regulator,TRUE
Irf2bp1,Irf2bp1,Transcription_regulator,TRUE
Irf2bp2,Irf2bp2,Transcription_regulator,TRUE
Irf2bpl,Irf2bpl,Transcription_regulator,TRUE
Jade1,Jade1,Transcription_regulator,TRUE
Jazf1,Jazf1,Transcription_regulator,TRUE
Jmy,Jmy,Transcription_regulator,TRUE
Jph2,Jph2,Transcription_regulator,TRUE
Jup,Jup,Transcription_regulator,TRUE
Kctd1,Kctd1,Transcription_regulator,TRUE
Klf9,Klf9,Transcription_regulator,TRUE
Ldb2,Ldb2,Transcription_regulator,TRUE
Limd1,Limd1,Transcription_regulator,TRUE
Lmcd1,Lmcd1,Transcription_regulator,TRUE
Lmo1,Lmo1,Transcription_regulator,TRUE
Lmo3,Lmo3,Transcription_regulator,TRUE
Lmo4,Lmo4,Transcription_regulator,TRUE
Lpin1,Lpin1,Transcription_regulator,TRUE
Lpin2,Lpin2,Transcription_regulator,TRUE
Lpin3,Lpin3,Transcription_regulator,TRUE
Lpxn,Lpxn,Transcription_regulator,TRUE
Maged1,Maged1,Transcription_regulator,TRUE
Mak,Mak,Transcription_regulator,TRUE
Maml1,Maml1,Transcription_regulator,TRUE
Maml2,Maml2,Transcription_regulator,TRUE
Maml3,Maml3,Transcription_regulator,TRUE
Mamstr,Mamstr,Transcription_regulator,TRUE
Map3k10,Map3k10,Transcription_regulator,TRUE
Mcidas,Mcidas,Transcription_regulator,TRUE
Mid2,Mid2,Transcription_regulator,TRUE
Mier3,Mier3,Transcription_regulator,TRUE
Mlip,Mlip,Transcription_regulator,TRUE
Mms19,Mms19,Transcription_regulator,TRUE
Mrtfb,Mrtfb,Transcription_regulator,TRUE
Mtdh,Mtdh,Transcription_regulator,TRUE
Muc1,Muc1,Transcription_regulator,TRUE
Mxd4,Mxd4,Transcription_regulator,TRUE
Mycbp,Mycbp,Transcription_regulator,TRUE
Myocd,Myocd,Transcription_regulator,TRUE
N4bp2l2,N4bp2l2,Transcription_regulator,TRUE
Nab1,Nab1,Transcription_regulator,TRUE
Nab2,Nab2,Transcription_regulator,TRUE
Naca,Naca,Transcription_regulator,TRUE
Ncoa7,Ncoa7,Transcription_regulator,TRUE
Neurog2,Neurog2,Transcription_regulator,TRUE
Nme2,Nme2,Transcription_regulator,TRUE
Nmi,Nmi,Transcription_regulator,TRUE
Npas3,Npas3,Transcription_regulator,TRUE
Npat,Npat,Transcription_regulator,TRUE
Nr0b1,Nr0b1,Transcription_regulator,TRUE
Nr0b2,Nr0b2,Transcription_regulator,TRUE
Nrbf2,Nrbf2,Transcription_regulator,TRUE
Nrg1,Nrg1,Transcription_regulator,TRUE
Nrip1,Nrip1,Transcription_regulator,TRUE
Pa2g4,Pa2g4,Transcription_regulator,TRUE
Park7,Park7,Transcription_regulator,TRUE
Parp9,Parp9,Transcription_regulator,TRUE
Parp14,Parp14,Transcription_regulator,TRUE
Pcbd1,Pcbd1,Transcription_regulator,TRUE
Pdlim1,Pdlim1,Transcription_regulator,TRUE
Per2,Per2,Transcription_regulator,TRUE
Pex14,Pex14,Transcription_regulator,TRUE
Phb,Phb,Transcription_regulator,TRUE
Phf12,Phf12,Transcription_regulator,TRUE
Pias1,Pias1,Transcription_regulator,TRUE
Pias2,Pias2,Transcription_regulator,TRUE
Pias3,Pias3,Transcription_regulator,TRUE
Pias4,Pias4,Transcription_regulator,TRUE
Pir,Pir,Transcription_regulator,TRUE
Pkm,Pkm,Transcription_regulator,TRUE
Pmf1,Pmf1,Transcription_regulator,TRUE
Pml,Pml,Transcription_regulator,TRUE
Pou2af1,Pou2af1,Transcription_regulator,TRUE
Pprc1,Pprc1,Transcription_regulator,TRUE
Prkn,Prkn,Transcription_regulator,TRUE
Prpf6,Prpf6,Transcription_regulator,TRUE
Psmc3ip,Psmc3ip,Transcription_regulator,TRUE
Psmd9,Psmd9,Transcription_regulator,TRUE
Ptpn14,Ptpn14,Transcription_regulator,TRUE
Pxn,Pxn,Transcription_regulator,TRUE
Rad54l2,Rad54l2,Transcription_regulator,TRUE
Raly,Raly,Transcription_regulator,TRUE
Rap2c,Rap2c,Transcription_regulator,TRUE
Rbbp8,Rbbp8,Transcription_regulator,TRUE
Rbck1,Rbck1,Transcription_regulator,TRUE
Rbfox2,Rbfox2,Transcription_regulator,TRUE
Rbm14,Rbm14,Transcription_regulator,TRUE
Rbm39,Rbm39,Transcription_regulator,TRUE
Rbpms,Rbpms,Transcription_regulator,TRUE
Rcor2,Rcor2,Transcription_regulator,TRUE
Rcor3,Rcor3,Transcription_regulator,TRUE
Riox2,Riox2,Transcription_regulator,TRUE
Rrp1b,Rrp1b,Transcription_regulator,TRUE
Runx1t1,Runx1t1,Transcription_regulator,TRUE
Rybp,Rybp,Transcription_regulator,TRUE
Sap18,Sap18,Transcription_regulator,TRUE
Sap30,Sap30,Transcription_regulator,TRUE
Scai,Scai,Transcription_regulator,TRUE
Sdr16c5,Sdr16c5,Transcription_regulator,TRUE
Sertad1,Sertad1,Transcription_regulator,TRUE
Sertad2,Sertad2,Transcription_regulator,TRUE
Sfr1,Sfr1,Transcription_regulator,TRUE
Snw1,Snw1,Transcription_regulator,TRUE
Spen,Spen,Transcription_regulator,TRUE
Sqstm1,Sqstm1,Transcription_regulator,TRUE
Sra1,Sra1,Transcription_regulator,TRUE
Ss18l2,Ss18l2,Transcription_regulator,TRUE
Ssbp3,Ssbp3,Transcription_regulator,TRUE
Ssx9,Ssx9,Transcription_regulator,TRUE
Ssxa1,Ssxa1,Transcription_regulator,TRUE
Ssxb1,Ssxb1,Transcription_regulator,TRUE
Ssxb3,Ssxb3,Transcription_regulator,TRUE
Ssxb5,Ssxb5,Transcription_regulator,TRUE
Ssxb6,Ssxb6,Transcription_regulator,TRUE
Ssxb8,Ssxb8,Transcription_regulator,TRUE
Ssxb10,Ssxb10,Transcription_regulator,TRUE
Supt3,Supt3,Transcription_regulator,TRUE
Supt7l,Supt7l,Transcription_regulator,TRUE
Supt20,Supt20,Transcription_regulator,TRUE
Tacc1,Tacc1,Transcription_regulator,TRUE
Tada1,Tada1,Transcription_regulator,TRUE
Tada3,Tada3,Transcription_regulator,TRUE
Taf5l,Taf5l,Transcription_regulator,TRUE
Taf15,Taf15,Transcription_regulator,TRUE
Tcerg1l,Tcerg1l,Transcription_regulator,TRUE
Tcf25,Tcf25,Transcription_regulator,TRUE
Tcp10a,Tcp10a,Transcription_regulator,TRUE
Tcp10b,Tcp10b,Transcription_regulator,TRUE
Tcp10c,Tcp10c,Transcription_regulator,TRUE
Tgfb1i1,Tgfb1i1,Transcription_regulator,TRUE
Tle2,Tle2,Transcription_regulator,TRUE
Tle3,Tle3,Transcription_regulator,TRUE
Tle6,Tle6,Transcription_regulator,TRUE
Tmf1,Tmf1,Transcription_regulator,TRUE
Tob1,Tob1,Transcription_regulator,TRUE
Tob2,Tob2,Transcription_regulator,TRUE
Trerf1,Trerf1,Transcription_regulator,TRUE
Trib3,Trib3,Transcription_regulator,TRUE
Trim5,Trim5,Transcription_regulator,TRUE
Trim8,Trim8,Transcription_regulator,TRUE
Trim12a,Trim12a,Transcription_regulator,TRUE
Trim12c,Trim12c,Transcription_regulator,TRUE
Trim13,Trim13,Transcription_regulator,TRUE
Trim14,Trim14,Transcription_regulator,TRUE
Trim15,Trim15,Transcription_regulator,TRUE
Trim21,Trim21,Transcription_regulator,TRUE
Trim25,Trim25,Transcription_regulator,TRUE
Trim30a,Trim30a,Transcription_regulator,TRUE
Trim30b,Trim30b,Transcription_regulator,TRUE
Trim30c,Trim30c,Transcription_regulator,TRUE
Trim30d,Trim30d,Transcription_regulator,TRUE
Trim31,Trim31,Transcription_regulator,TRUE
Trim32,Trim32,Transcription_regulator,TRUE
Trim38,Trim38,Transcription_regulator,TRUE
Trim52,Trim52,Transcription_regulator,TRUE
Trim62,Trim62,Transcription_regulator,TRUE
Trip4,Trip4,Transcription_regulator,TRUE
Trp53bp1,Trp53bp1,Transcription_regulator,TRUE
Tsg101,Tsg101,Transcription_regulator,TRUE
Ube2l3,Ube2l3,Transcription_regulator,TRUE
Ube3a,Ube3a,Transcription_regulator,TRUE
Usf3,Usf3,Transcription_regulator,TRUE
Utf1,Utf1,Transcription_regulator,TRUE
Vgll2,Vgll2,Transcription_regulator,TRUE
Vhl,Vhl,Transcription_regulator,TRUE
Wdr43,Wdr43,Transcription_regulator,TRUE
Wdr77,Wdr77,Transcription_regulator,TRUE
Wnt3a,Wnt3a,Transcription_regulator,TRUE
Wnt4,Wnt4,Transcription_regulator,TRUE
Wtip,Wtip,Transcription_regulator,TRUE
Wwc1,Wwc1,Transcription_regulator,TRUE
Wwox,Wwox,Transcription_regulator,TRUE
Wwtr1,Wwtr1,Transcription_regulator,TRUE
Xpc,Xpc,Transcription_regulator,TRUE
Yaf2,Yaf2,Transcription_regulator,TRUE
Zbed4,Zbed4,Transcription_regulator,TRUE
Zbed6,Zbed6,Transcription_regulator,TRUE
Zbtb8a,Zbtb8a,Transcription_regulator,TRUE
Zbtb10,Zbtb10,Transcription_regulator,TRUE
Zbtb46,Zbtb46,Transcription_regulator,TRUE
Zcchc12,Zcchc12,Transcription_regulator,TRUE
Zfp1,Zfp1,Transcription_regulator,TRUE
Zfp26,Zfp26,Transcription_regulator,TRUE
Zfp30,Zfp30,Transcription_regulator,TRUE
Zfp59,Zfp59,Transcription_regulator,TRUE
Zfp60,Zfp60,Transcription_regulator,TRUE
Zfp182,Zfp182,Transcription_regulator,TRUE
Zfp316,Zfp316,Transcription_regulator,TRUE
Zfp512b,Zfp512b,Transcription_regulator,TRUE
Zfp518b,Zfp518b,Transcription_regulator,TRUE
Zfp541,Zfp541,Transcription_regulator,TRUE
Zfp579,Zfp579,Transcription_regulator,TRUE
Zfp653,Zfp653,Transcription_regulator,TRUE
Zfp664,Zfp664,Transcription_regulator,TRUE
Zfp691,Zfp691,Transcription_regulator,TRUE
Zfp697,Zfp697,Transcription_regulator,TRUE
Zfp711,Zfp711,Transcription_regulator,TRUE
Zfpm1,Zfpm1,Transcription_regulator,TRUE
Zfpm2,Zfpm2,Transcription_regulator,TRUE
Zglp1,Zglp1,Transcription_regulator,TRUE
Zic5,Zic5,Transcription_regulator,TRUE
Zmiz1,Zmiz1,Transcription_regulator,TRUE
Zmiz2,Zmiz2,Transcription_regulator,TRUE
Zmynd8,Zmynd8,Transcription_regulator,TRUE
Zmynd11,Zmynd11,Transcription_regulator,TRUE
Zxdb,Zxdb,Transcription_regulator,TRUE
Zxdc,Zxdc,Transcription_regulator,TRUE